nohup: ignoring input
16:21:15,851 |-WARN in ch.qos.logback.core.joran.action.ConversionRuleAction - [converterClass] attribute is deprecated and replaced by [class]. See element [conversionRule] near line 4

  .   ____          _            __ _ _
 /\\ / ___'_ __ _ _(_)_ __  __ _ \ \ \ \
( ( )\___ | '_ | '_| | '_ \/ _` | \ \ \ \
 \\/  ___)| |_)| | | | | || (_| |  ) ) ) )
  '  |____| .__|_| |_|_| |_\__, | / / / /
 =========|_|==============|___/=/_/_/_/

 :: Spring Boot ::                (v3.5.3)

[2025-08-06 16:21:16] [INFO ] --- [           main] coffeeshout.CoffeeShoutApplication       : Starting CoffeeShoutApplication v0.0.1-SNAPSHOT using Java 21.0.8 with PID 2732 (/home/ubuntu/coffee-shout/2025-coffee-shout/backend/build/libs/coffee-shout-0.0.1-SNAPSHOT.jar started by ubuntu in /home/ubuntu/coffee-shout/2025-coffee-shout/backend/build/libs)   
[2025-08-06 16:21:16] [INFO ] --- [           main] coffeeshout.CoffeeShoutApplication       : No active profile set, falling back to 1 default profile: "default"   
[2025-08-06 16:21:16] [DEBUG] --- [           main] o.s.boot.SpringApplication               : Loading source class coffeeshout.CoffeeShoutApplication   
[2025-08-06 16:21:16] [DEBUG] --- [           main] ConfigServletWebServerApplicationContext : Refreshing org.springframework.boot.web.servlet.context.AnnotationConfigServletWebServerApplicationContext@4763c727   
[2025-08-06 16:21:19] [DEBUG] --- [           main] .s.b.w.e.t.TomcatServletWebServerFactory : Code archive: /home/ubuntu/coffee-shout/2025-coffee-shout/backend/build/libs/coffee-shout-0.0.1-SNAPSHOT.jar   
[2025-08-06 16:21:19] [DEBUG] --- [           main] .s.b.w.e.t.TomcatServletWebServerFactory : Code archive: /home/ubuntu/coffee-shout/2025-coffee-shout/backend/build/libs/coffee-shout-0.0.1-SNAPSHOT.jar   
[2025-08-06 16:21:19] [DEBUG] --- [           main] .s.b.w.e.t.TomcatServletWebServerFactory : None of the document roots [src/main/webapp, public, static] point to a directory and will be ignored.   
[2025-08-06 16:21:19] [INFO ] --- [           main] o.s.b.w.e.tomcat.TomcatWebServer         : Tomcat initialized with port 8080 (http)   
[2025-08-06 16:21:19] [INFO ] --- [           main] o.a.coyote.http11.Http11NioProtocol      : Initializing ProtocolHandler ["http-nio-8080"]   
[2025-08-06 16:21:19] [INFO ] --- [           main] o.a.catalina.core.StandardService        : Starting service [Tomcat]   
[2025-08-06 16:21:19] [INFO ] --- [           main] o.a.catalina.core.StandardEngine         : Starting Servlet engine: [Apache Tomcat/10.1.42]   
[2025-08-06 16:21:19] [INFO ] --- [           main] o.a.c.c.C.[Tomcat].[localhost].[/]       : Initializing Spring embedded WebApplicationContext   
[2025-08-06 16:21:19] [DEBUG] --- [           main] w.s.c.ServletWebServerApplicationContext : Published root WebApplicationContext as ServletContext attribute with name [org.springframework.web.context.WebApplicationContext.ROOT]   
[2025-08-06 16:21:19] [INFO ] --- [           main] w.s.c.ServletWebServerApplicationContext : Root WebApplicationContext: initialization completed in 2915 ms   
[2025-08-06 16:21:19] [DEBUG] --- [           main] o.s.b.w.s.ServletContextInitializerBeans : Mapping filters: webMvcObservationFilter urls=[/*] order=-2147483647, characterEncodingFilter urls=[/*] order=-2147483648, formContentFilter urls=[/*] order=-9900, requestContextFilter urls=[/*] order=-105   
[2025-08-06 16:21:19] [DEBUG] --- [           main] o.s.b.w.s.ServletContextInitializerBeans : Mapping servlets: dispatcherServlet urls=[/]   
[2025-08-06 16:21:19] [DEBUG] --- [           main] o.s.b.w.s.f.OrderedRequestContextFilter  : Filter 'requestContextFilter' configured for use   
[2025-08-06 16:21:19] [DEBUG] --- [           main] o.s.w.f.ServerHttpObservationFilter      : Filter 'webMvcObservationFilter' configured for use   
[2025-08-06 16:21:19] [DEBUG] --- [           main] s.b.w.s.f.OrderedCharacterEncodingFilter : Filter 'characterEncodingFilter' configured for use   
[2025-08-06 16:21:19] [DEBUG] --- [           main] o.s.b.w.s.f.OrderedFormContentFilter     : Filter 'formContentFilter' configured for use   
[2025-08-06 16:21:19] [DEBUG] --- [           main] o.s.b.a.AutoConfigurationPackages        : @EnableAutoConfiguration was declared on a class in the package 'coffeeshout'. Automatic @Repository and @Entity scanning is enabled.   
[2025-08-06 16:21:20] [DEBUG] --- [           main] o.s.w.s.s.s.WebSocketHandlerMapping      : Patterns [/ws/**] in 'stompWebSocketHandlerMapping'   
[2025-08-06 16:21:20] [DEBUG] --- [           main] .WebSocketAnnotationMethodMessageHandler : 
	c.g.u.GlobalController:
	   
[2025-08-06 16:21:20] [DEBUG] --- [           main] .WebSocketAnnotationMethodMessageHandler : 
	c.m.u.MiniGameRestController:
	   
[2025-08-06 16:21:20] [DEBUG] --- [           main] .WebSocketAnnotationMethodMessageHandler : 
	c.m.u.MiniGameWebSocketController:
	{[MESSAGE],[/room/{joinCode}/minigame/command]}: commandGame(String,MiniGameMessage)   
[2025-08-06 16:21:20] [DEBUG] --- [           main] .WebSocketAnnotationMethodMessageHandler : 
	c.r.u.PlayerController:
	   
[2025-08-06 16:21:20] [DEBUG] --- [           main] .WebSocketAnnotationMethodMessageHandler : 
	c.r.u.RoomRestController:
	   
[2025-08-06 16:21:20] [DEBUG] --- [           main] .WebSocketAnnotationMethodMessageHandler : 
	c.r.u.RoomWebSocketController:
	{[MESSAGE],[/room/{joinCode}/update-players]}: broadcastPlayers(String)
	{[MESSAGE],[/room/{joinCode}/update-menus]}: broadcastMenus(String,MenuChangeMessage)
	{[MESSAGE],[/room/{joinCode}/update-ready]}: broadcastReady(String,ReadyChangeMessage)
	{[MESSAGE],[/room/{joinCode}/get-probabilities]}: broadcastProbabilities(String)
	{[MESSAGE],[/room/{joinCode}/update-minigames]}: broadcastMiniGames(String,MiniGameSelectMessage)
	{[MESSAGE],[/room/{joinCode}/spin-roulette]}: broadcastRouletteSpin(String,RouletteSpinMessage)   
[2025-08-06 16:21:20] [DEBUG] --- [           main] .WebSocketAnnotationMethodMessageHandler : 
	o.s.b.a.w.s.e.BasicErrorController:
	   
[2025-08-06 16:21:20] [DEBUG] --- [           main] s.w.s.m.m.a.RequestMappingHandlerMapping : 12 mappings in 'requestMappingHandlerMapping'   
[2025-08-06 16:21:20] [DEBUG] --- [           main] o.s.w.s.h.SimpleUrlHandlerMapping        : Patterns [/webjars/**, /**] in 'resourceHandlerMapping'   
[2025-08-06 16:21:20] [DEBUG] --- [           main] s.w.s.m.m.a.RequestMappingHandlerAdapter : ControllerAdvice beans: 0 @ModelAttribute, 0 @InitBinder, 1 RequestBodyAdvice, 1 ResponseBodyAdvice   
[2025-08-06 16:21:20] [DEBUG] --- [           main] .m.m.a.ExceptionHandlerExceptionResolver : ControllerAdvice beans: 1 @ExceptionHandler, 1 ResponseBodyAdvice   
[2025-08-06 16:21:21] [INFO ] --- [           main] o.s.b.a.e.web.EndpointLinksResolver      : Exposing 13 endpoints beneath base path '/actuator'   
[2025-08-06 16:21:21] [DEBUG] --- [           main] org.springframework.web.SimpLogging      : clientOutboundChannel added SubProtocolWebSocketHandler[StompSubProtocolHandler[v10.stomp, v11.stomp, v12.stomp]]   
[2025-08-06 16:21:21] [DEBUG] --- [           main] org.springframework.web.SimpLogging      : clientInboundChannel added WebSocketAnnotationMethodMessageHandler[prefixes=[/app/]]   
[2025-08-06 16:21:21] [INFO ] --- [           main] o.s.m.s.b.SimpleBrokerMessageHandler     : Starting...   
[2025-08-06 16:21:21] [DEBUG] --- [           main] org.springframework.web.SimpLogging      : clientInboundChannel added SimpleBrokerMessageHandler [org.springframework.messaging.simp.broker.DefaultSubscriptionRegistry@42f9873e]   
[2025-08-06 16:21:21] [DEBUG] --- [           main] org.springframework.web.SimpLogging      : brokerChannel added SimpleBrokerMessageHandler [org.springframework.messaging.simp.broker.DefaultSubscriptionRegistry@42f9873e]   
[2025-08-06 16:21:21] [INFO ] --- [           main] o.s.m.s.b.SimpleBrokerMessageHandler     : BrokerAvailabilityEvent[available=true, SimpleBrokerMessageHandler [org.springframework.messaging.simp.broker.DefaultSubscriptionRegistry@42f9873e]]   
[2025-08-06 16:21:21] [INFO ] --- [           main] o.s.m.s.b.SimpleBrokerMessageHandler     : Started.   
[2025-08-06 16:21:21] [DEBUG] --- [           main] org.springframework.web.SimpLogging      : clientInboundChannel added UserDestinationMessageHandler[DefaultUserDestinationResolver[prefix=/user/]]   
[2025-08-06 16:21:21] [DEBUG] --- [           main] org.springframework.web.SimpLogging      : brokerChannel added UserDestinationMessageHandler[DefaultUserDestinationResolver[prefix=/user/]]   
[2025-08-06 16:21:21] [INFO ] --- [           main] o.a.coyote.http11.Http11NioProtocol      : Starting ProtocolHandler ["http-nio-8080"]   
[2025-08-06 16:21:21] [INFO ] --- [           main] o.s.b.w.e.tomcat.TomcatWebServer         : Tomcat started on port 8080 (http) with context path '/'   
[2025-08-06 16:21:21] [DEBUG] --- [           main] .s.b.a.l.ConditionEvaluationReportLogger : 


============================
CONDITIONS EVALUATION REPORT
============================


Positive matches:
-----------------

   AopAutoConfiguration matched:
      - @ConditionalOnBooleanProperty (spring.aop.auto=true) matched (OnPropertyCondition)

   AopAutoConfiguration.AspectJAutoProxyingConfiguration matched:
      - @ConditionalOnClass found required class 'org.aspectj.weaver.Advice' (OnClassCondition)

   AopAutoConfiguration.AspectJAutoProxyingConfiguration.CglibAutoProxyConfiguration matched:
      - @ConditionalOnBooleanProperty (spring.aop.proxy-target-class=true) matched (OnPropertyCondition)

   ApplicationAvailabilityAutoConfiguration#applicationAvailability matched:
      - @ConditionalOnMissingBean (types: org.springframework.boot.availability.ApplicationAvailability; SearchStrategy: all) did not find any beans (OnBeanCondition)

   AuditEventsEndpointAutoConfiguration matched:
      - @ConditionalOnAvailableEndpoint marked as exposed by a 'management.endpoints.web.exposure' property (OnAvailableEndpointCondition)

   BeansEndpointAutoConfiguration matched:
      - @ConditionalOnAvailableEndpoint marked as exposed by a 'management.endpoints.web.exposure' property (OnAvailableEndpointCondition)

   BeansEndpointAutoConfiguration#beansEndpoint matched:
      - @ConditionalOnMissingBean (types: org.springframework.boot.actuate.beans.BeansEndpoint; SearchStrategy: all) did not find any beans (OnBeanCondition)

   CacheMeterBinderProvidersConfiguration matched:
      - @ConditionalOnClass found required class 'io.micrometer.core.instrument.binder.MeterBinder' (OnClassCondition)

   CachesEndpointAutoConfiguration matched:
      - @ConditionalOnClass found required class 'org.springframework.cache.CacheManager' (OnClassCondition)
      - @ConditionalOnAvailableEndpoint marked as exposed by a 'management.endpoints.web.exposure' property (OnAvailableEndpointCondition)

   CachesEndpointAutoConfiguration#cachesEndpoint matched:
      - @ConditionalOnMissingBean (types: org.springframework.boot.actuate.cache.CachesEndpoint; SearchStrategy: all) did not find any beans (OnBeanCondition)

   CachesEndpointAutoConfiguration#cachesEndpointWebExtension matched:
      - @ConditionalOnBean (types: org.springframework.boot.actuate.cache.CachesEndpoint; SearchStrategy: all) found bean 'cachesEndpoint'; @ConditionalOnMissingBean (types: org.springframework.boot.actuate.cache.CachesEndpointWebExtension; SearchStrategy: all) did not find any beans (OnBeanCondition)
      - @ConditionalOnAvailableEndpoint marked as exposed by a 'management.endpoints.web.exposure' property (OnAvailableEndpointCondition)

   CompositeMeterRegistryAutoConfiguration matched:
      - @ConditionalOnClass found required class 'io.micrometer.core.instrument.composite.CompositeMeterRegistry' (OnClassCondition)

   ConditionsReportEndpointAutoConfiguration matched:
      - @ConditionalOnAvailableEndpoint marked as exposed by a 'management.endpoints.web.exposure' property (OnAvailableEndpointCondition)

   ConditionsReportEndpointAutoConfiguration#conditionsReportEndpoint matched:
      - @ConditionalOnMissingBean (types: org.springframework.boot.actuate.autoconfigure.condition.ConditionsReportEndpoint; SearchStrategy: current) did not find any beans (OnBeanCondition)

   ConfigurationPropertiesReportEndpointAutoConfiguration matched:
      - @ConditionalOnAvailableEndpoint marked as exposed by a 'management.endpoints.web.exposure' property (OnAvailableEndpointCondition)

   ConfigurationPropertiesReportEndpointAutoConfiguration#configurationPropertiesReportEndpoint matched:
      - @ConditionalOnMissingBean (types: org.springframework.boot.actuate.context.properties.ConfigurationPropertiesReportEndpoint; SearchStrategy: all) did not find any beans (OnBeanCondition)

   ConfigurationPropertiesReportEndpointAutoConfiguration#configurationPropertiesReportEndpointWebExtension matched:
      - @ConditionalOnBean (types: org.springframework.boot.actuate.context.properties.ConfigurationPropertiesReportEndpoint; SearchStrategy: all) found bean 'configurationPropertiesReportEndpoint'; @ConditionalOnMissingBean (types: org.springframework.boot.actuate.context.properties.ConfigurationPropertiesReportEndpointWebExtension; SearchStrategy: all) did not find any beans (OnBeanCondition)
      - @ConditionalOnAvailableEndpoint marked as exposed by a 'management.endpoints.web.exposure' property (OnAvailableEndpointCondition)

   DiskSpaceHealthContributorAutoConfiguration matched:
      - @ConditionalOnEnabledHealthIndicator management.health.defaults.enabled is considered true (OnEnabledHealthIndicatorCondition)

   DiskSpaceHealthContributorAutoConfiguration#diskSpaceHealthIndicator matched:
      - @ConditionalOnMissingBean (names: diskSpaceHealthIndicator; SearchStrategy: all) did not find any beans (OnBeanCondition)

   DispatcherServletAutoConfiguration matched:
      - @ConditionalOnClass found required class 'org.springframework.web.servlet.DispatcherServlet' (OnClassCondition)
      - found 'session' scope (OnWebApplicationCondition)

   DispatcherServletAutoConfiguration.DispatcherServletConfiguration matched:
      - @ConditionalOnClass found required class 'jakarta.servlet.ServletRegistration' (OnClassCondition)
      - Default DispatcherServlet did not find dispatcher servlet beans (DispatcherServletAutoConfiguration.DefaultDispatcherServletCondition)

   DispatcherServletAutoConfiguration.DispatcherServletRegistrationConfiguration matched:
      - @ConditionalOnClass found required class 'jakarta.servlet.ServletRegistration' (OnClassCondition)
      - DispatcherServlet Registration did not find servlet registration bean (DispatcherServletAutoConfiguration.DispatcherServletRegistrationCondition)

   DispatcherServletAutoConfiguration.DispatcherServletRegistrationConfiguration#dispatcherServletRegistration matched:
      - @ConditionalOnBean (names: dispatcherServlet types: org.springframework.web.servlet.DispatcherServlet; SearchStrategy: all) found bean 'dispatcherServlet' (OnBeanCondition)

   EmbeddedWebServerFactoryCustomizerAutoConfiguration matched:
      - @ConditionalOnWebApplication (required) found 'session' scope (OnWebApplicationCondition)
      - @ConditionalOnWarDeployment the application is not deployed as a WAR file. (OnWarDeploymentCondition)

   EmbeddedWebServerFactoryCustomizerAutoConfiguration.TomcatWebServerFactoryCustomizerConfiguration matched:
      - @ConditionalOnClass found required classes 'org.apache.catalina.startup.Tomcat', 'org.apache.coyote.UpgradeProtocol' (OnClassCondition)

   EndpointAutoConfiguration#endpointCachingOperationInvokerAdvisor matched:
      - @ConditionalOnMissingBean (types: org.springframework.boot.actuate.endpoint.invoker.cache.CachingOperationInvokerAdvisor; SearchStrategy: all) did not find any beans (OnBeanCondition)

   EndpointAutoConfiguration#endpointOperationParameterMapper matched:
      - @ConditionalOnMissingBean (types: org.springframework.boot.actuate.endpoint.invoke.ParameterValueMapper; SearchStrategy: all) did not find any beans (OnBeanCondition)

   EndpointAutoConfiguration#propertiesEndpointAccessResolver matched:
      - @ConditionalOnMissingBean (types: org.springframework.boot.actuate.endpoint.EndpointAccessResolver; SearchStrategy: all) did not find any beans (OnBeanCondition)

   EnvironmentEndpointAutoConfiguration matched:
      - @ConditionalOnAvailableEndpoint marked as exposed by a 'management.endpoints.web.exposure' property (OnAvailableEndpointCondition)

   EnvironmentEndpointAutoConfiguration#environmentEndpoint matched:
      - @ConditionalOnMissingBean (types: org.springframework.boot.actuate.env.EnvironmentEndpoint; SearchStrategy: all) did not find any beans (OnBeanCondition)

   EnvironmentEndpointAutoConfiguration#environmentEndpointWebExtension matched:
      - @ConditionalOnBean (types: org.springframework.boot.actuate.env.EnvironmentEndpoint; SearchStrategy: all) found bean 'environmentEndpoint'; @ConditionalOnMissingBean (types: org.springframework.boot.actuate.env.EnvironmentEndpointWebExtension; SearchStrategy: all) did not find any beans (OnBeanCondition)
      - @ConditionalOnAvailableEndpoint marked as exposed by a 'management.endpoints.web.exposure' property (OnAvailableEndpointCondition)

   ErrorMvcAutoConfiguration matched:
      - @ConditionalOnClass found required classes 'jakarta.servlet.Servlet', 'org.springframework.web.servlet.DispatcherServlet' (OnClassCondition)
      - found 'session' scope (OnWebApplicationCondition)

   ErrorMvcAutoConfiguration#basicErrorController matched:
      - @ConditionalOnMissingBean (types: org.springframework.boot.web.servlet.error.ErrorController; SearchStrategy: current) did not find any beans (OnBeanCondition)

   ErrorMvcAutoConfiguration#errorAttributes matched:
      - @ConditionalOnMissingBean (types: org.springframework.boot.web.servlet.error.ErrorAttributes; SearchStrategy: current) did not find any beans (OnBeanCondition)

   ErrorMvcAutoConfiguration.DefaultErrorViewResolverConfiguration#conventionErrorViewResolver matched:
      - @ConditionalOnBean (types: org.springframework.web.servlet.DispatcherServlet; SearchStrategy: all) found bean 'dispatcherServlet'; @ConditionalOnMissingBean (types: org.springframework.boot.autoconfigure.web.servlet.error.ErrorViewResolver; SearchStrategy: all) did not find any beans (OnBeanCondition)

   ErrorMvcAutoConfiguration.WhitelabelErrorViewConfiguration matched:
      - @ConditionalOnBooleanProperty (server.error.whitelabel.enabled=true) matched (OnPropertyCondition)
      - ErrorTemplate Missing did not find error template view (ErrorMvcAutoConfiguration.ErrorTemplateMissingCondition)

   ErrorMvcAutoConfiguration.WhitelabelErrorViewConfiguration#beanNameViewResolver matched:
      - @ConditionalOnMissingBean (types: org.springframework.web.servlet.view.BeanNameViewResolver; SearchStrategy: all) did not find any beans (OnBeanCondition)

   ErrorMvcAutoConfiguration.WhitelabelErrorViewConfiguration#defaultErrorView matched:
      - @ConditionalOnMissingBean (names: error; SearchStrategy: all) did not find any beans (OnBeanCondition)

   GenericCacheConfiguration matched:
      - Cache org.springframework.boot.autoconfigure.cache.GenericCacheConfiguration automatic cache type (CacheCondition)

   HealthContributorAutoConfiguration#pingHealthContributor matched:
      - @ConditionalOnEnabledHealthIndicator management.health.defaults.enabled is considered true (OnEnabledHealthIndicatorCondition)

   HealthEndpointAutoConfiguration matched:
      - @ConditionalOnAvailableEndpoint marked as exposed by a 'management.endpoints.web.exposure' property (OnAvailableEndpointCondition)

   HealthEndpointConfiguration#healthContributorRegistry matched:
      - @ConditionalOnMissingBean (types: org.springframework.boot.actuate.health.HealthContributorRegistry; SearchStrategy: all) did not find any beans (OnBeanCondition)

   HealthEndpointConfiguration#healthEndpoint matched:
      - @ConditionalOnMissingBean (types: org.springframework.boot.actuate.health.HealthEndpoint; SearchStrategy: all) did not find any beans (OnBeanCondition)

   HealthEndpointConfiguration#healthEndpointGroupMembershipValidator matched:
      - @ConditionalOnBooleanProperty (management.endpoint.health.validate-group-membership=true) matched (OnPropertyCondition)

   HealthEndpointConfiguration#healthEndpointGroups matched:
      - @ConditionalOnMissingBean (types: org.springframework.boot.actuate.health.HealthEndpointGroups; SearchStrategy: all) did not find any beans (OnBeanCondition)

   HealthEndpointConfiguration#healthHttpCodeStatusMapper matched:
      - @ConditionalOnMissingBean (types: org.springframework.boot.actuate.health.HttpCodeStatusMapper; SearchStrategy: all) did not find any beans (OnBeanCondition)

   HealthEndpointConfiguration#healthStatusAggregator matched:
      - @ConditionalOnMissingBean (types: org.springframework.boot.actuate.health.StatusAggregator; SearchStrategy: all) did not find any beans (OnBeanCondition)

   HealthEndpointWebExtensionConfiguration matched:
      - found 'session' scope (OnWebApplicationCondition)
      - @ConditionalOnAvailableEndpoint marked as exposed by a 'management.endpoints.web.exposure' property (OnAvailableEndpointCondition)
      - @ConditionalOnBean (types: org.springframework.boot.actuate.health.HealthEndpoint; SearchStrategy: all) found bean 'healthEndpoint' (OnBeanCondition)

   HealthEndpointWebExtensionConfiguration#healthEndpointWebExtension matched:
      - @ConditionalOnMissingBean (types: org.springframework.boot.actuate.health.HealthEndpointWebExtension; SearchStrategy: all) did not find any beans (OnBeanCondition)

   HealthEndpointWebExtensionConfiguration.MvcAdditionalHealthEndpointPathsConfiguration matched:
      - @ConditionalOnBean (types: org.springframework.web.servlet.DispatcherServlet; SearchStrategy: all) found bean 'dispatcherServlet' (OnBeanCondition)

   HttpClientAutoConfiguration matched:
      - @ConditionalOnClass found required class 'org.springframework.http.client.ClientHttpRequestFactory' (OnClassCondition)
      - NoneNestedConditions 0 matched 1 did not; NestedCondition on NotReactiveWebApplicationCondition.ReactiveWebApplication did not find reactive web application classes (NotReactiveWebApplicationCondition)

   HttpClientAutoConfiguration#clientHttpRequestFactoryBuilder matched:
      - @ConditionalOnMissingBean (types: org.springframework.boot.http.client.ClientHttpRequestFactoryBuilder<?>; SearchStrategy: all) did not find any beans (OnBeanCondition)

   HttpClientAutoConfiguration#clientHttpRequestFactorySettings matched:
      - @ConditionalOnMissingBean (types: org.springframework.boot.http.client.ClientHttpRequestFactorySettings; SearchStrategy: all) did not find any beans (OnBeanCondition)

   HttpClientObservationsAutoConfiguration matched:
      - @ConditionalOnClass found required class 'io.micrometer.observation.Observation' (OnClassCondition)
      - @ConditionalOnBean (types: io.micrometer.observation.ObservationRegistry; SearchStrategy: all) found bean 'observationRegistry' (OnBeanCondition)

   HttpClientObservationsAutoConfiguration.MeterFilterConfiguration matched:
      - @ConditionalOnClass found required class 'io.micrometer.core.instrument.MeterRegistry' (OnClassCondition)
      - @ConditionalOnBean (types: io.micrometer.core.instrument.MeterRegistry; SearchStrategy: all) found bean 'simpleMeterRegistry' (OnBeanCondition)

   HttpEncodingAutoConfiguration matched:
      - @ConditionalOnClass found required class 'org.springframework.web.filter.CharacterEncodingFilter' (OnClassCondition)
      - found 'session' scope (OnWebApplicationCondition)
      - @ConditionalOnBooleanProperty (server.servlet.encoding.enabled=true) matched (OnPropertyCondition)

   HttpEncodingAutoConfiguration#characterEncodingFilter matched:
      - @ConditionalOnMissingBean (types: org.springframework.web.filter.CharacterEncodingFilter; SearchStrategy: all) did not find any beans (OnBeanCondition)

   HttpExchangesEndpointAutoConfiguration matched:
      - @ConditionalOnAvailableEndpoint marked as exposed by a 'management.endpoints.web.exposure' property (OnAvailableEndpointCondition)

   HttpMessageConvertersAutoConfiguration matched:
      - @ConditionalOnClass found required class 'org.springframework.http.converter.HttpMessageConverter' (OnClassCondition)
      - NoneNestedConditions 0 matched 1 did not; NestedCondition on HttpMessageConvertersAutoConfiguration.NotReactiveWebApplicationCondition.ReactiveWebApplication did not find reactive web application classes (HttpMessageConvertersAutoConfiguration.NotReactiveWebApplicationCondition)

   HttpMessageConvertersAutoConfiguration#messageConverters matched:
      - @ConditionalOnMissingBean (types: org.springframework.boot.autoconfigure.http.HttpMessageConverters; SearchStrategy: all) did not find any beans (OnBeanCondition)

   HttpMessageConvertersAutoConfiguration.StringHttpMessageConverterConfiguration matched:
      - @ConditionalOnClass found required class 'org.springframework.http.converter.StringHttpMessageConverter' (OnClassCondition)

   HttpMessageConvertersAutoConfiguration.StringHttpMessageConverterConfiguration#stringHttpMessageConverter matched:
      - @ConditionalOnMissingBean (types: org.springframework.http.converter.StringHttpMessageConverter; SearchStrategy: all) did not find any beans (OnBeanCondition)

   InfoEndpointAutoConfiguration matched:
      - @ConditionalOnAvailableEndpoint marked as exposed by a 'management.endpoints.web.exposure' property (OnAvailableEndpointCondition)

   InfoEndpointAutoConfiguration#infoEndpoint matched:
      - @ConditionalOnMissingBean (types: org.springframework.boot.actuate.info.InfoEndpoint; SearchStrategy: all) did not find any beans (OnBeanCondition)

   JacksonAutoConfiguration matched:
      - @ConditionalOnClass found required class 'com.fasterxml.jackson.databind.ObjectMapper' (OnClassCondition)

   JacksonAutoConfiguration.Jackson2ObjectMapperBuilderCustomizerConfiguration matched:
      - @ConditionalOnClass found required class 'org.springframework.http.converter.json.Jackson2ObjectMapperBuilder' (OnClassCondition)

   JacksonAutoConfiguration.JacksonObjectMapperBuilderConfiguration matched:
      - @ConditionalOnClass found required class 'org.springframework.http.converter.json.Jackson2ObjectMapperBuilder' (OnClassCondition)

   JacksonAutoConfiguration.JacksonObjectMapperBuilderConfiguration#jacksonObjectMapperBuilder matched:
      - @ConditionalOnMissingBean (types: org.springframework.http.converter.json.Jackson2ObjectMapperBuilder; SearchStrategy: all) did not find any beans (OnBeanCondition)

   JacksonAutoConfiguration.JacksonObjectMapperConfiguration matched:
      - @ConditionalOnClass found required class 'org.springframework.http.converter.json.Jackson2ObjectMapperBuilder' (OnClassCondition)

   JacksonAutoConfiguration.JacksonObjectMapperConfiguration#jacksonObjectMapper matched:
      - @ConditionalOnMissingBean (types: com.fasterxml.jackson.databind.ObjectMapper; SearchStrategy: all) did not find any beans (OnBeanCondition)

   JacksonAutoConfiguration.ParameterNamesModuleConfiguration matched:
      - @ConditionalOnClass found required class 'com.fasterxml.jackson.module.paramnames.ParameterNamesModule' (OnClassCondition)

   JacksonAutoConfiguration.ParameterNamesModuleConfiguration#parameterNamesModule matched:
      - @ConditionalOnMissingBean (types: com.fasterxml.jackson.module.paramnames.ParameterNamesModule; SearchStrategy: all) did not find any beans (OnBeanCondition)

   JacksonEndpointAutoConfiguration#endpointObjectMapper matched:
      - @ConditionalOnClass found required classes 'com.fasterxml.jackson.databind.ObjectMapper', 'org.springframework.http.converter.json.Jackson2ObjectMapperBuilder' (OnClassCondition)
      - @ConditionalOnBooleanProperty (management.endpoints.jackson.isolated-object-mapper=true) matched (OnPropertyCondition)

   JacksonHttpMessageConvertersConfiguration.MappingJackson2HttpMessageConverterConfiguration matched:
      - @ConditionalOnClass found required class 'com.fasterxml.jackson.databind.ObjectMapper' (OnClassCondition)
      - @ConditionalOnPreferredJsonMapper JACKSON no property was configured and Jackson is the default (OnPreferredJsonMapperCondition)
      - @ConditionalOnBean (types: com.fasterxml.jackson.databind.ObjectMapper; SearchStrategy: all) found bean 'jacksonObjectMapper' (OnBeanCondition)

   JacksonHttpMessageConvertersConfiguration.MappingJackson2HttpMessageConverterConfiguration#mappingJackson2HttpMessageConverter matched:
      - @ConditionalOnMissingBean (types: org.springframework.http.converter.json.MappingJackson2HttpMessageConverter ignored: ?; SearchStrategy: all) did not find any beans (OnBeanCondition)

   JvmMetricsAutoConfiguration matched:
      - @ConditionalOnClass found required class 'io.micrometer.core.instrument.MeterRegistry' (OnClassCondition)
      - @ConditionalOnBean (types: io.micrometer.core.instrument.MeterRegistry; SearchStrategy: all) found bean 'simpleMeterRegistry' (OnBeanCondition)

   JvmMetricsAutoConfiguration#classLoaderMetrics matched:
      - @ConditionalOnMissingBean (types: io.micrometer.core.instrument.binder.jvm.ClassLoaderMetrics; SearchStrategy: all) did not find any beans (OnBeanCondition)

   JvmMetricsAutoConfiguration#jvmCompilationMetrics matched:
      - @ConditionalOnMissingBean (types: io.micrometer.core.instrument.binder.jvm.JvmCompilationMetrics; SearchStrategy: all) did not find any beans (OnBeanCondition)

   JvmMetricsAutoConfiguration#jvmGcMetrics matched:
      - @ConditionalOnMissingBean (types: io.micrometer.core.instrument.binder.jvm.JvmGcMetrics; SearchStrategy: all) did not find any beans (OnBeanCondition)

   JvmMetricsAutoConfiguration#jvmHeapPressureMetrics matched:
      - @ConditionalOnMissingBean (types: io.micrometer.core.instrument.binder.jvm.JvmHeapPressureMetrics; SearchStrategy: all) did not find any beans (OnBeanCondition)

   JvmMetricsAutoConfiguration#jvmInfoMetrics matched:
      - @ConditionalOnMissingBean (types: io.micrometer.core.instrument.binder.jvm.JvmInfoMetrics; SearchStrategy: all) did not find any beans (OnBeanCondition)

   JvmMetricsAutoConfiguration#jvmMemoryMetrics matched:
      - @ConditionalOnMissingBean (types: io.micrometer.core.instrument.binder.jvm.JvmMemoryMetrics; SearchStrategy: all) did not find any beans (OnBeanCondition)

   JvmMetricsAutoConfiguration#jvmThreadMetrics matched:
      - @ConditionalOnMissingBean (types: io.micrometer.core.instrument.binder.jvm.JvmThreadMetrics; SearchStrategy: all) did not find any beans (OnBeanCondition)

   LifecycleAutoConfiguration#defaultLifecycleProcessor matched:
      - @ConditionalOnMissingBean (names: lifecycleProcessor; SearchStrategy: current) did not find any beans (OnBeanCondition)

   LogFileWebEndpointAutoConfiguration matched:
      - @ConditionalOnAvailableEndpoint marked as exposed by a 'management.endpoints.web.exposure' property (OnAvailableEndpointCondition)

   LogbackMetricsAutoConfiguration matched:
      - @ConditionalOnClass found required classes 'io.micrometer.core.instrument.MeterRegistry', 'ch.qos.logback.classic.LoggerContext', 'org.slf4j.LoggerFactory' (OnClassCondition)
      - LogbackLoggingCondition ILoggerFactory is a Logback LoggerContext (LogbackMetricsAutoConfiguration.LogbackLoggingCondition)
      - @ConditionalOnBean (types: io.micrometer.core.instrument.MeterRegistry; SearchStrategy: all) found bean 'simpleMeterRegistry' (OnBeanCondition)

   LogbackMetricsAutoConfiguration#logbackMetrics matched:
      - @ConditionalOnMissingBean (types: io.micrometer.core.instrument.binder.logging.LogbackMetrics; SearchStrategy: all) did not find any beans (OnBeanCondition)

   LoggersEndpointAutoConfiguration matched:
      - @ConditionalOnAvailableEndpoint marked as exposed by a 'management.endpoints.web.exposure' property (OnAvailableEndpointCondition)

   LoggersEndpointAutoConfiguration#loggersEndpoint matched:
      - Logging System enabled (LoggersEndpointAutoConfiguration.OnEnabledLoggingSystemCondition)
      - @ConditionalOnBean (types: org.springframework.boot.logging.LoggingSystem; SearchStrategy: all) found bean 'springBootLoggingSystem'; @ConditionalOnMissingBean (types: org.springframework.boot.actuate.logging.LoggersEndpoint; SearchStrategy: all) did not find any beans (OnBeanCondition)

   ManagementContextAutoConfiguration.SameManagementContextConfiguration matched:
      - Management Port actual port type (SAME) matched required type (OnManagementPortCondition)

   MappingsEndpointAutoConfiguration matched:
      - @ConditionalOnAvailableEndpoint marked as exposed by a 'management.endpoints.web.exposure' property (OnAvailableEndpointCondition)

   MappingsEndpointAutoConfiguration.ServletWebConfiguration matched:
      - found 'session' scope (OnWebApplicationCondition)

   MappingsEndpointAutoConfiguration.ServletWebConfiguration.SpringMvcConfiguration matched:
      - @ConditionalOnClass found required class 'org.springframework.web.servlet.DispatcherServlet' (OnClassCondition)
      - @ConditionalOnBean (types: org.springframework.web.servlet.DispatcherServlet; SearchStrategy: all) found bean 'dispatcherServlet' (OnBeanCondition)

   MetricsAutoConfiguration matched:
      - @ConditionalOnClass found required class 'io.micrometer.core.annotation.Timed' (OnClassCondition)

   MetricsAutoConfiguration#micrometerClock matched:
      - @ConditionalOnMissingBean (types: io.micrometer.core.instrument.Clock; SearchStrategy: all) did not find any beans (OnBeanCondition)

   MetricsEndpointAutoConfiguration matched:
      - @ConditionalOnClass found required class 'io.micrometer.core.annotation.Timed' (OnClassCondition)
      - @ConditionalOnAvailableEndpoint marked as exposed by a 'management.endpoints.web.exposure' property (OnAvailableEndpointCondition)

   MetricsEndpointAutoConfiguration#metricsEndpoint matched:
      - @ConditionalOnBean (types: io.micrometer.core.instrument.MeterRegistry; SearchStrategy: all) found bean 'simpleMeterRegistry'; @ConditionalOnMissingBean (types: org.springframework.boot.actuate.metrics.MetricsEndpoint; SearchStrategy: all) did not find any beans (OnBeanCondition)

   MultipartAutoConfiguration matched:
      - @ConditionalOnClass found required classes 'jakarta.servlet.Servlet', 'org.springframework.web.multipart.support.StandardServletMultipartResolver', 'jakarta.servlet.MultipartConfigElement' (OnClassCondition)
      - found 'session' scope (OnWebApplicationCondition)
      - @ConditionalOnBooleanProperty (spring.servlet.multipart.enabled=true) matched (OnPropertyCondition)

   MultipartAutoConfiguration#multipartConfigElement matched:
      - @ConditionalOnMissingBean (types: jakarta.servlet.MultipartConfigElement; SearchStrategy: all) did not find any beans (OnBeanCondition)

   MultipartAutoConfiguration#multipartResolver matched:
      - @ConditionalOnMissingBean (types: org.springframework.web.multipart.MultipartResolver; SearchStrategy: all) did not find any beans (OnBeanCondition)

   NettyAutoConfiguration matched:
      - @ConditionalOnClass found required class 'io.netty.util.NettyRuntime' (OnClassCondition)

   NoOpCacheConfiguration matched:
      - Cache org.springframework.boot.autoconfigure.cache.NoOpCacheConfiguration automatic cache type (CacheCondition)

   ObservationAutoConfiguration matched:
      - @ConditionalOnClass found required class 'io.micrometer.observation.ObservationRegistry' (OnClassCondition)

   ObservationAutoConfiguration#observationRegistry matched:
      - @ConditionalOnMissingBean (types: io.micrometer.observation.ObservationRegistry; SearchStrategy: all) did not find any beans (OnBeanCondition)

   ObservationAutoConfiguration.MeterObservationHandlerConfiguration matched:
      - @ConditionalOnBean (types: io.micrometer.core.instrument.MeterRegistry; SearchStrategy: all) found bean 'simpleMeterRegistry'; @ConditionalOnMissingBean (types: io.micrometer.core.instrument.observation.MeterObservationHandler; SearchStrategy: all) did not find any beans (OnBeanCondition)

   ObservationAutoConfiguration.MeterObservationHandlerConfiguration.OnlyMetricsMeterObservationHandlerConfiguration matched:
      - @ConditionalOnMissingBean (types: ?; SearchStrategy: all) did not find any beans (OnBeanCondition)

   ObservationAutoConfiguration.OnlyMetricsConfiguration matched:
      - @ConditionalOnClass found required class 'io.micrometer.core.instrument.MeterRegistry'; @ConditionalOnMissingClass did not find unwanted class 'io.micrometer.tracing.Tracer' (OnClassCondition)

   PropertyPlaceholderAutoConfiguration#propertySourcesPlaceholderConfigurer matched:
      - @ConditionalOnMissingBean (types: org.springframework.context.support.PropertySourcesPlaceholderConfigurer; SearchStrategy: current) did not find any beans (OnBeanCondition)

   RestClientAutoConfiguration matched:
      - @ConditionalOnClass found required class 'org.springframework.web.client.RestClient' (OnClassCondition)
      - AnyNestedCondition 1 matched 1 did not; NestedCondition on NotReactiveWebApplicationOrVirtualThreadsExecutorEnabledCondition.VirtualThreadsExecutorEnabled found non-matching nested conditions @ConditionalOnThreading did not find VIRTUAL, @ConditionalOnBean (names: applicationTaskExecutor; SearchStrategy: all) did not find any beans named applicationTaskExecutor; NestedCondition on NotReactiveWebApplicationOrVirtualThreadsExecutorEnabledCondition.NotReactiveWebApplication NoneNestedConditions 0 matched 1 did not; NestedCondition on NotReactiveWebApplicationCondition.ReactiveWebApplication did not find reactive web application classes (NotReactiveWebApplicationOrVirtualThreadsExecutorEnabledCondition)

   RestClientAutoConfiguration#httpMessageConvertersRestClientCustomizer matched:
      - @ConditionalOnMissingBean (types: org.springframework.boot.autoconfigure.web.client.HttpMessageConvertersRestClientCustomizer; SearchStrategy: all) did not find any beans (OnBeanCondition)

   RestClientAutoConfiguration#restClientBuilder matched:
      - @ConditionalOnMissingBean (types: org.springframework.web.client.RestClient$Builder; SearchStrategy: all) did not find any beans (OnBeanCondition)

   RestClientAutoConfiguration#restClientBuilderConfigurer matched:
      - @ConditionalOnMissingBean (types: org.springframework.boot.autoconfigure.web.client.RestClientBuilderConfigurer; SearchStrategy: all) did not find any beans (OnBeanCondition)

   RestClientAutoConfiguration#restClientSsl matched:
      - @ConditionalOnBean (types: org.springframework.boot.ssl.SslBundles; SearchStrategy: all) found bean 'sslBundleRegistry'; @ConditionalOnMissingBean (types: org.springframework.boot.autoconfigure.web.client.RestClientSsl; SearchStrategy: all) did not find any beans (OnBeanCondition)

   RestClientObservationConfiguration matched:
      - @ConditionalOnClass found required class 'org.springframework.web.client.RestClient' (OnClassCondition)
      - @ConditionalOnBean (types: org.springframework.web.client.RestClient$Builder; SearchStrategy: all) found bean 'restClientBuilder' (OnBeanCondition)

   RestTemplateAutoConfiguration matched:
      - @ConditionalOnClass found required class 'org.springframework.web.client.RestTemplate' (OnClassCondition)
      - NoneNestedConditions 0 matched 1 did not; NestedCondition on NotReactiveWebApplicationCondition.ReactiveWebApplication did not find reactive web application classes (NotReactiveWebApplicationCondition)

   RestTemplateAutoConfiguration#restTemplateBuilder matched:
      - @ConditionalOnMissingBean (types: org.springframework.boot.web.client.RestTemplateBuilder; SearchStrategy: all) did not find any beans (OnBeanCondition)

   RestTemplateObservationConfiguration matched:
      - @ConditionalOnClass found required class 'org.springframework.web.client.RestTemplate' (OnClassCondition)
      - @ConditionalOnBean (types: org.springframework.boot.web.client.RestTemplateBuilder; SearchStrategy: all) found bean 'restTemplateBuilder' (OnBeanCondition)

   SbomEndpointAutoConfiguration matched:
      - @ConditionalOnAvailableEndpoint marked as exposed by a 'management.endpoints.web.exposure' property (OnAvailableEndpointCondition)

   SbomEndpointAutoConfiguration#sbomEndpoint matched:
      - @ConditionalOnMissingBean (types: org.springframework.boot.actuate.sbom.SbomEndpoint; SearchStrategy: all) did not find any beans (OnBeanCondition)

   SbomEndpointAutoConfiguration#sbomEndpointWebExtension matched:
      - @ConditionalOnBean (types: org.springframework.boot.actuate.sbom.SbomEndpoint; SearchStrategy: all) found bean 'sbomEndpoint'; @ConditionalOnMissingBean (types: org.springframework.boot.actuate.sbom.SbomEndpointWebExtension; SearchStrategy: all) did not find any beans (OnBeanCondition)
      - @ConditionalOnAvailableEndpoint marked as exposed by a 'management.endpoints.web.exposure' property (OnAvailableEndpointCondition)

   ScheduledTasksEndpointAutoConfiguration matched:
      - @ConditionalOnAvailableEndpoint marked as exposed by a 'management.endpoints.web.exposure' property (OnAvailableEndpointCondition)

   ScheduledTasksEndpointAutoConfiguration#scheduledTasksEndpoint matched:
      - @ConditionalOnMissingBean (types: org.springframework.boot.actuate.scheduling.ScheduledTasksEndpoint; SearchStrategy: all) did not find any beans (OnBeanCondition)

   ScheduledTasksObservabilityAutoConfiguration matched:
      - @ConditionalOnClass found required class 'org.springframework.scheduling.concurrent.ThreadPoolTaskScheduler' (OnClassCondition)
      - @ConditionalOnBean (types: io.micrometer.observation.ObservationRegistry; SearchStrategy: all) found bean 'observationRegistry' (OnBeanCondition)

   ServletEndpointManagementContextConfiguration matched:
      - found 'session' scope (OnWebApplicationCondition)

   ServletEndpointManagementContextConfiguration.WebMvcServletEndpointManagementContextConfiguration matched:
      - @ConditionalOnClass found required class 'org.springframework.web.servlet.DispatcherServlet' (OnClassCondition)

   ServletManagementContextAutoConfiguration matched:
      - @ConditionalOnClass found required class 'jakarta.servlet.Servlet' (OnClassCondition)
      - found 'session' scope (OnWebApplicationCondition)

   ServletWebServerFactoryAutoConfiguration matched:
      - @ConditionalOnClass found required class 'jakarta.servlet.ServletRequest' (OnClassCondition)
      - found 'session' scope (OnWebApplicationCondition)

   ServletWebServerFactoryAutoConfiguration#tomcatServletWebServerFactoryCustomizer matched:
      - @ConditionalOnClass found required class 'org.apache.catalina.startup.Tomcat' (OnClassCondition)

   ServletWebServerFactoryConfiguration.EmbeddedTomcat matched:
      - @ConditionalOnClass found required classes 'jakarta.servlet.Servlet', 'org.apache.catalina.startup.Tomcat', 'org.apache.coyote.UpgradeProtocol' (OnClassCondition)
      - @ConditionalOnMissingBean (types: org.springframework.boot.web.servlet.server.ServletWebServerFactory; SearchStrategy: current) did not find any beans (OnBeanCondition)

   SimpleCacheConfiguration matched:
      - Cache org.springframework.boot.autoconfigure.cache.SimpleCacheConfiguration automatic cache type (CacheCondition)

   SimpleMetricsExportAutoConfiguration matched:
      - @ConditionalOnEnabledMetricsExport management.defaults.metrics.export.enabled is considered true (OnMetricsExportEnabledCondition)
      - @ConditionalOnBean (types: io.micrometer.core.instrument.Clock; SearchStrategy: all) found bean 'micrometerClock'; @ConditionalOnMissingBean (types: io.micrometer.core.instrument.MeterRegistry; SearchStrategy: all) did not find any beans (OnBeanCondition)

   SimpleMetricsExportAutoConfiguration#simpleConfig matched:
      - @ConditionalOnMissingBean (types: io.micrometer.core.instrument.simple.SimpleConfig; SearchStrategy: all) did not find any beans (OnBeanCondition)

   SqlInitializationAutoConfiguration matched:
      - @ConditionalOnBooleanProperty (spring.sql.init.enabled=true) matched (OnPropertyCondition)
      - NoneNestedConditions 0 matched 1 did not; NestedCondition on SqlInitializationAutoConfiguration.SqlInitializationModeCondition.ModeIsNever @ConditionalOnProperty (spring.sql.init.mode=never) did not find property 'spring.sql.init.mode' (SqlInitializationAutoConfiguration.SqlInitializationModeCondition)

   SslAutoConfiguration#sslBundleRegistry matched:
      - @ConditionalOnMissingBean (types: org.springframework.boot.ssl.SslBundleRegistry,org.springframework.boot.ssl.SslBundles; SearchStrategy: all) did not find any beans (OnBeanCondition)

   SslHealthContributorAutoConfiguration matched:
      - @ConditionalOnEnabledHealthIndicator management.health.defaults.enabled is considered true (OnEnabledHealthIndicatorCondition)

   SslHealthContributorAutoConfiguration#sslHealthIndicator matched:
      - @ConditionalOnMissingBean (names: sslHealthIndicator; SearchStrategy: all) did not find any beans (OnBeanCondition)

   SslHealthContributorAutoConfiguration#sslInfo matched:
      - @ConditionalOnMissingBean (types: org.springframework.boot.info.SslInfo; SearchStrategy: all) did not find any beans (OnBeanCondition)

   SslObservabilityAutoConfiguration matched:
      - @ConditionalOnClass found required class 'io.micrometer.core.instrument.MeterRegistry' (OnClassCondition)
      - @ConditionalOnBean (types: io.micrometer.core.instrument.MeterRegistry,org.springframework.boot.ssl.SslBundles; SearchStrategy: all) found beans 'sslBundleRegistry', 'simpleMeterRegistry' (OnBeanCondition)

   StartupTimeMetricsListenerAutoConfiguration matched:
      - @ConditionalOnClass found required class 'io.micrometer.core.instrument.MeterRegistry' (OnClassCondition)
      - @ConditionalOnBean (types: io.micrometer.core.instrument.MeterRegistry; SearchStrategy: all) found bean 'simpleMeterRegistry' (OnBeanCondition)

   StartupTimeMetricsListenerAutoConfiguration#startupTimeMetrics matched:
      - @ConditionalOnMissingBean (types: org.springframework.boot.actuate.metrics.startup.StartupTimeMetricsListener; SearchStrategy: all) did not find any beans (OnBeanCondition)

   SystemMetricsAutoConfiguration matched:
      - @ConditionalOnClass found required class 'io.micrometer.core.instrument.MeterRegistry' (OnClassCondition)
      - @ConditionalOnBean (types: io.micrometer.core.instrument.MeterRegistry; SearchStrategy: all) found bean 'simpleMeterRegistry' (OnBeanCondition)

   SystemMetricsAutoConfiguration#diskSpaceMetrics matched:
      - @ConditionalOnMissingBean (types: org.springframework.boot.actuate.metrics.system.DiskSpaceMetricsBinder; SearchStrategy: all) did not find any beans (OnBeanCondition)

   SystemMetricsAutoConfiguration#fileDescriptorMetrics matched:
      - @ConditionalOnMissingBean (types: io.micrometer.core.instrument.binder.system.FileDescriptorMetrics; SearchStrategy: all) did not find any beans (OnBeanCondition)

   SystemMetricsAutoConfiguration#processorMetrics matched:
      - @ConditionalOnMissingBean (types: io.micrometer.core.instrument.binder.system.ProcessorMetrics; SearchStrategy: all) did not find any beans (OnBeanCondition)

   SystemMetricsAutoConfiguration#uptimeMetrics matched:
      - @ConditionalOnMissingBean (types: io.micrometer.core.instrument.binder.system.UptimeMetrics; SearchStrategy: all) did not find any beans (OnBeanCondition)

   TaskExecutionAutoConfiguration matched:
      - @ConditionalOnClass found required class 'org.springframework.scheduling.concurrent.ThreadPoolTaskExecutor' (OnClassCondition)

   TaskExecutorConfigurations.SimpleAsyncTaskExecutorBuilderConfiguration#simpleAsyncTaskExecutorBuilder matched:
      - @ConditionalOnMissingBean (types: org.springframework.boot.task.SimpleAsyncTaskExecutorBuilder; SearchStrategy: all) did not find any beans (OnBeanCondition)
      - @ConditionalOnThreading found PLATFORM (OnThreadingCondition)

   TaskExecutorConfigurations.ThreadPoolTaskExecutorBuilderConfiguration#threadPoolTaskExecutorBuilder matched:
      - @ConditionalOnMissingBean (types: org.springframework.boot.task.ThreadPoolTaskExecutorBuilder; SearchStrategy: all) did not find any beans (OnBeanCondition)

   TaskExecutorMetricsAutoConfiguration matched:
      - @ConditionalOnClass found required class 'io.micrometer.core.instrument.binder.jvm.ExecutorServiceMetrics' (OnClassCondition)
      - @ConditionalOnBean (types: java.util.concurrent.Executor,io.micrometer.core.instrument.MeterRegistry; SearchStrategy: all) found beans 'clientOutboundChannelExecutor', 'clientInboundChannelExecutor', 'simpleMeterRegistry', 'brokerChannelExecutor' (OnBeanCondition)

   TaskSchedulingAutoConfiguration matched:
      - @ConditionalOnClass found required class 'org.springframework.scheduling.concurrent.ThreadPoolTaskScheduler' (OnClassCondition)

   TaskSchedulingAutoConfiguration#scheduledBeanLazyInitializationExcludeFilter matched:
      - @ConditionalOnBean (names: org.springframework.context.annotation.internalScheduledAnnotationProcessor; SearchStrategy: all) found bean 'org.springframework.context.annotation.internalScheduledAnnotationProcessor' (OnBeanCondition)

   TaskSchedulingConfigurations.SimpleAsyncTaskSchedulerBuilderConfiguration#simpleAsyncTaskSchedulerBuilder matched:
      - @ConditionalOnMissingBean (types: org.springframework.boot.task.SimpleAsyncTaskSchedulerBuilder; SearchStrategy: all) did not find any beans (OnBeanCondition)
      - @ConditionalOnThreading found PLATFORM (OnThreadingCondition)

   TaskSchedulingConfigurations.ThreadPoolTaskSchedulerBuilderConfiguration#threadPoolTaskSchedulerBuilder matched:
      - @ConditionalOnMissingBean (types: org.springframework.boot.task.ThreadPoolTaskSchedulerBuilder; SearchStrategy: all) did not find any beans (OnBeanCondition)

   ThreadDumpEndpointAutoConfiguration matched:
      - @ConditionalOnAvailableEndpoint marked as exposed by a 'management.endpoints.web.exposure' property (OnAvailableEndpointCondition)

   ThreadDumpEndpointAutoConfiguration#dumpEndpoint matched:
      - @ConditionalOnMissingBean (types: org.springframework.boot.actuate.management.ThreadDumpEndpoint; SearchStrategy: all) did not find any beans (OnBeanCondition)

   TomcatMetricsAutoConfiguration matched:
      - @ConditionalOnClass found required classes 'io.micrometer.core.instrument.binder.tomcat.TomcatMetrics', 'org.apache.catalina.Manager' (OnClassCondition)
      - @ConditionalOnWebApplication (required) found 'session' scope (OnWebApplicationCondition)

   TomcatMetricsAutoConfiguration#tomcatMetricsBinder matched:
      - @ConditionalOnBean (types: io.micrometer.core.instrument.MeterRegistry; SearchStrategy: all) found bean 'simpleMeterRegistry'; @ConditionalOnMissingBean (types: io.micrometer.core.instrument.binder.tomcat.TomcatMetrics,org.springframework.boot.actuate.metrics.web.tomcat.TomcatMetricsBinder; SearchStrategy: all) did not find any beans (OnBeanCondition)

   WebEndpointAutoConfiguration matched:
      - @ConditionalOnWebApplication (required) found 'session' scope (OnWebApplicationCondition)

   WebEndpointAutoConfiguration#controllerEndpointDiscoverer matched:
      - @ConditionalOnMissingBean (types: org.springframework.boot.actuate.endpoint.web.annotation.ControllerEndpointsSupplier; SearchStrategy: all) did not find any beans (OnBeanCondition)

   WebEndpointAutoConfiguration#endpointMediaTypes matched:
      - @ConditionalOnMissingBean (types: org.springframework.boot.actuate.endpoint.web.EndpointMediaTypes; SearchStrategy: all) did not find any beans (OnBeanCondition)

   WebEndpointAutoConfiguration#pathMappedEndpoints matched:
      - @ConditionalOnMissingBean (types: org.springframework.boot.actuate.endpoint.web.PathMappedEndpoints; SearchStrategy: all) did not find any beans (OnBeanCondition)

   WebEndpointAutoConfiguration#webEndpointDiscoverer matched:
      - @ConditionalOnMissingBean (types: org.springframework.boot.actuate.endpoint.web.WebEndpointsSupplier; SearchStrategy: all) did not find any beans (OnBeanCondition)

   WebEndpointAutoConfiguration.WebEndpointServletConfiguration matched:
      - found 'session' scope (OnWebApplicationCondition)

   WebEndpointAutoConfiguration.WebEndpointServletConfiguration#servletEndpointDiscoverer matched:
      - @ConditionalOnMissingBean (types: org.springframework.boot.actuate.endpoint.web.annotation.ServletEndpointsSupplier; SearchStrategy: all) did not find any beans (OnBeanCondition)

   WebMvcAutoConfiguration matched:
      - @ConditionalOnClass found required classes 'jakarta.servlet.Servlet', 'org.springframework.web.servlet.DispatcherServlet', 'org.springframework.web.servlet.config.annotation.WebMvcConfigurer' (OnClassCondition)
      - found 'session' scope (OnWebApplicationCondition)
      - @ConditionalOnMissingBean (types: org.springframework.web.servlet.config.annotation.WebMvcConfigurationSupport; SearchStrategy: all) did not find any beans (OnBeanCondition)

   WebMvcAutoConfiguration#formContentFilter matched:
      - @ConditionalOnBooleanProperty (spring.mvc.formcontent.filter.enabled=true) matched (OnPropertyCondition)
      - @ConditionalOnMissingBean (types: org.springframework.web.filter.FormContentFilter; SearchStrategy: all) did not find any beans (OnBeanCondition)

   WebMvcAutoConfiguration.EnableWebMvcConfiguration#flashMapManager matched:
      - @ConditionalOnMissingBean (names: flashMapManager; SearchStrategy: all) did not find any beans (OnBeanCondition)

   WebMvcAutoConfiguration.EnableWebMvcConfiguration#localeResolver matched:
      - @ConditionalOnMissingBean (names: localeResolver; SearchStrategy: all) did not find any beans (OnBeanCondition)

   WebMvcAutoConfiguration.EnableWebMvcConfiguration#themeResolver matched:
      - @ConditionalOnMissingBean (names: themeResolver; SearchStrategy: all) did not find any beans (OnBeanCondition)

   WebMvcAutoConfiguration.EnableWebMvcConfiguration#viewNameTranslator matched:
      - @ConditionalOnMissingBean (names: viewNameTranslator; SearchStrategy: all) did not find any beans (OnBeanCondition)

   WebMvcAutoConfiguration.WebMvcAutoConfigurationAdapter#defaultViewResolver matched:
      - @ConditionalOnMissingBean (types: org.springframework.web.servlet.view.InternalResourceViewResolver; SearchStrategy: all) did not find any beans (OnBeanCondition)

   WebMvcAutoConfiguration.WebMvcAutoConfigurationAdapter#requestContextFilter matched:
      - @ConditionalOnMissingBean (types: org.springframework.web.context.request.RequestContextListener,org.springframework.web.filter.RequestContextFilter; SearchStrategy: all) did not find any beans (OnBeanCondition)

   WebMvcAutoConfiguration.WebMvcAutoConfigurationAdapter#viewResolver matched:
      - @ConditionalOnBean (types: org.springframework.web.servlet.ViewResolver; SearchStrategy: all) found beans 'defaultViewResolver', 'beanNameViewResolver', 'mvcViewResolver'; @ConditionalOnMissingBean (names: viewResolver types: org.springframework.web.servlet.view.ContentNegotiatingViewResolver; SearchStrategy: all) did not find any beans (OnBeanCondition)

   WebMvcEndpointManagementContextConfiguration matched:
      - @ConditionalOnClass found required class 'org.springframework.web.servlet.DispatcherServlet' (OnClassCondition)
      - found 'session' scope (OnWebApplicationCondition)
      - @ConditionalOnBean (types: org.springframework.web.servlet.DispatcherServlet,org.springframework.boot.actuate.endpoint.web.WebEndpointsSupplier; SearchStrategy: all) found beans 'webEndpointDiscoverer', 'dispatcherServlet' (OnBeanCondition)

   WebMvcEndpointManagementContextConfiguration#controllerEndpointHandlerMapping matched:
      - @ConditionalOnMissingBean (types: org.springframework.boot.actuate.endpoint.web.servlet.ControllerEndpointHandlerMapping; SearchStrategy: all) did not find any beans (OnBeanCondition)

   WebMvcEndpointManagementContextConfiguration#endpointObjectMapperWebMvcConfigurer matched:
      - @ConditionalOnBean (types: org.springframework.boot.actuate.endpoint.jackson.EndpointObjectMapper; SearchStrategy: all) found bean 'endpointObjectMapper' (OnBeanCondition)

   WebMvcEndpointManagementContextConfiguration#webEndpointServletHandlerMapping matched:
      - @ConditionalOnMissingBean (types: org.springframework.boot.actuate.endpoint.web.servlet.WebMvcEndpointHandlerMapping; SearchStrategy: all) did not find any beans (OnBeanCondition)

   WebMvcObservationAutoConfiguration matched:
      - @ConditionalOnClass found required classes 'org.springframework.web.servlet.DispatcherServlet', 'io.micrometer.observation.Observation' (OnClassCondition)
      - found 'session' scope (OnWebApplicationCondition)
      - @ConditionalOnBean (types: io.micrometer.observation.ObservationRegistry; SearchStrategy: all) found bean 'observationRegistry' (OnBeanCondition)

   WebMvcObservationAutoConfiguration#webMvcObservationFilter matched:
      - @ConditionalOnMissingBean (types: org.springframework.web.filter.ServerHttpObservationFilter; SearchStrategy: all) did not find any beans (OnBeanCondition)

   WebMvcObservationAutoConfiguration.MeterFilterConfiguration matched:
      - @ConditionalOnClass found required class 'io.micrometer.core.instrument.MeterRegistry' (OnClassCondition)
      - @ConditionalOnBean (types: io.micrometer.core.instrument.MeterRegistry; SearchStrategy: all) found bean 'simpleMeterRegistry' (OnBeanCondition)

   WebSocketMessagingAutoConfiguration matched:
      - @ConditionalOnClass found required class 'org.springframework.web.socket.config.annotation.WebSocketMessageBrokerConfigurer' (OnClassCondition)
      - found 'session' scope (OnWebApplicationCondition)

   WebSocketMessagingAutoConfiguration.WebSocketMessageConverterConfiguration matched:
      - @ConditionalOnClass found required classes 'com.fasterxml.jackson.databind.ObjectMapper', 'org.springframework.messaging.simp.config.AbstractMessageBrokerConfiguration' (OnClassCondition)
      - @ConditionalOnBean (types: org.springframework.web.socket.config.annotation.DelegatingWebSocketMessageBrokerConfiguration,com.fasterxml.jackson.databind.ObjectMapper; SearchStrategy: all) found beans 'jacksonObjectMapper', 'org.springframework.web.socket.config.annotation.DelegatingWebSocketMessageBrokerConfiguration' (OnBeanCondition)

   WebSocketServletAutoConfiguration matched:
      - @ConditionalOnClass found required classes 'jakarta.servlet.Servlet', 'jakarta.websocket.server.ServerContainer' (OnClassCondition)
      - found 'session' scope (OnWebApplicationCondition)

   WebSocketServletAutoConfiguration.TomcatWebSocketConfiguration matched:
      - @ConditionalOnClass found required classes 'org.apache.catalina.startup.Tomcat', 'org.apache.tomcat.websocket.server.WsSci' (OnClassCondition)

   WebSocketServletAutoConfiguration.TomcatWebSocketConfiguration#websocketServletWebServerCustomizer matched:
      - @ConditionalOnMissingBean (names: websocketServletWebServerCustomizer; SearchStrategy: all) did not find any beans (OnBeanCondition)


Negative matches:
-----------------

   ActiveMQAutoConfiguration:
      Did not match:
         - @ConditionalOnClass did not find required class 'jakarta.jms.ConnectionFactory' (OnClassCondition)

   AopAutoConfiguration.AspectJAutoProxyingConfiguration.JdkDynamicAutoProxyConfiguration:
      Did not match:
         - @ConditionalOnBooleanProperty (spring.aop.proxy-target-class=false) did not find property 'spring.aop.proxy-target-class' (OnPropertyCondition)

   AopAutoConfiguration.ClassProxyingConfiguration:
      Did not match:
         - @ConditionalOnMissingClass found unwanted class 'org.aspectj.weaver.Advice' (OnClassCondition)

   AppOpticsMetricsExportAutoConfiguration:
      Did not match:
         - @ConditionalOnClass did not find required class 'io.micrometer.appoptics.AppOpticsMeterRegistry' (OnClassCondition)

   ArtemisAutoConfiguration:
      Did not match:
         - @ConditionalOnClass did not find required class 'jakarta.jms.ConnectionFactory' (OnClassCondition)

   AtlasMetricsExportAutoConfiguration:
      Did not match:
         - @ConditionalOnClass did not find required class 'io.micrometer.atlas.AtlasMeterRegistry' (OnClassCondition)

   AuditAutoConfiguration:
      Did not match:
         - @ConditionalOnBean (types: org.springframework.boot.actuate.audit.AuditEventRepository; SearchStrategy: all) did not find any beans of type org.springframework.boot.actuate.audit.AuditEventRepository (OnBeanCondition)
      Matched:
         - @ConditionalOnBooleanProperty (management.auditevents.enabled=true) matched (OnPropertyCondition)

   AuditEventsEndpointAutoConfiguration#auditEventsEndpoint:
      Did not match:
         - @ConditionalOnBean (types: org.springframework.boot.actuate.audit.AuditEventRepository; SearchStrategy: all) did not find any beans of type org.springframework.boot.actuate.audit.AuditEventRepository (OnBeanCondition)

   AvailabilityHealthContributorAutoConfiguration#livenessStateHealthIndicator:
      Did not match:
         - @ConditionalOnBooleanProperty (management.health.livenessstate.enabled=true) did not find property 'management.health.livenessstate.enabled' (OnPropertyCondition)

   AvailabilityHealthContributorAutoConfiguration#readinessStateHealthIndicator:
      Did not match:
         - @ConditionalOnBooleanProperty (management.health.readinessstate.enabled=true) did not find property 'management.health.readinessstate.enabled' (OnPropertyCondition)

   AvailabilityProbesAutoConfiguration:
      Did not match:
         - Probes availability not running on a supported cloud platform (AvailabilityProbesAutoConfiguration.ProbesCondition)

   BatchAutoConfiguration:
      Did not match:
         - @ConditionalOnClass did not find required class 'org.springframework.batch.core.launch.JobLauncher' (OnClassCondition)

   BatchObservationAutoConfiguration:
      Did not match:
         - @ConditionalOnClass did not find required class 'org.springframework.batch.core.configuration.annotation.BatchObservabilityBeanPostProcessor' (OnClassCondition)

   BraveAutoConfiguration:
      Did not match:
         - @ConditionalOnClass did not find required class 'brave.Tracer' (OnClassCondition)

   Cache2kCacheConfiguration:
      Did not match:
         - @ConditionalOnClass did not find required class 'org.cache2k.Cache2kBuilder' (OnClassCondition)

   CacheAutoConfiguration:
      Did not match:
         - @ConditionalOnBean (types: org.springframework.cache.interceptor.CacheAspectSupport; SearchStrategy: all) did not find any beans of type org.springframework.cache.interceptor.CacheAspectSupport (OnBeanCondition)
      Matched:
         - @ConditionalOnClass found required class 'org.springframework.cache.CacheManager' (OnClassCondition)

   CacheAutoConfiguration.CacheManagerEntityManagerFactoryDependsOnPostProcessor:
      Did not match:
         - @ConditionalOnClass did not find required class 'org.springframework.orm.jpa.LocalContainerEntityManagerFactoryBean' (OnClassCondition)
         - Ancestor org.springframework.boot.autoconfigure.cache.CacheAutoConfiguration did not match (ConditionEvaluationReport.AncestorsMatchedCondition)

   CacheMeterBinderProvidersConfiguration.Cache2kCacheMeterBinderProviderConfiguration:
      Did not match:
         - @ConditionalOnClass did not find required classes 'org.cache2k.Cache2kBuilder', 'org.cache2k.extra.spring.SpringCache2kCache', 'org.cache2k.extra.micrometer.Cache2kCacheMetrics' (OnClassCondition)

   CacheMeterBinderProvidersConfiguration.CaffeineCacheMeterBinderProviderConfiguration:
      Did not match:
         - @ConditionalOnClass did not find required classes 'org.springframework.cache.caffeine.CaffeineCache', 'com.github.benmanes.caffeine.cache.Cache' (OnClassCondition)

   CacheMeterBinderProvidersConfiguration.HazelcastCacheMeterBinderProviderConfiguration:
      Did not match:
         - @ConditionalOnClass did not find required classes 'com.hazelcast.spring.cache.HazelcastCache', 'com.hazelcast.core.Hazelcast' (OnClassCondition)

   CacheMeterBinderProvidersConfiguration.JCacheCacheMeterBinderProviderConfiguration:
      Did not match:
         - @ConditionalOnClass did not find required classes 'org.springframework.cache.jcache.JCacheCache', 'javax.cache.CacheManager' (OnClassCondition)

   CacheMeterBinderProvidersConfiguration.RedisCacheMeterBinderProviderConfiguration:
      Did not match:
         - @ConditionalOnClass did not find required class 'org.springframework.data.redis.cache.RedisCache' (OnClassCondition)

   CacheMetricsAutoConfiguration:
      Did not match:
         - @ConditionalOnBean (types: org.springframework.cache.CacheManager; SearchStrategy: all) did not find any beans of type org.springframework.cache.CacheManager (OnBeanCondition)

   CaffeineCacheConfiguration:
      Did not match:
         - @ConditionalOnClass did not find required class 'com.github.benmanes.caffeine.cache.Caffeine' (OnClassCondition)

   CassandraAutoConfiguration:
      Did not match:
         - @ConditionalOnClass did not find required class 'com.datastax.oss.driver.api.core.CqlSession' (OnClassCondition)

   CassandraDataAutoConfiguration:
      Did not match:
         - @ConditionalOnClass did not find required class 'com.datastax.oss.driver.api.core.CqlSession' (OnClassCondition)

   CassandraHealthContributorAutoConfiguration:
      Did not match:
         - @ConditionalOnClass did not find required class 'com.datastax.oss.driver.api.core.CqlSession' (OnClassCondition)

   CassandraReactiveDataAutoConfiguration:
      Did not match:
         - @ConditionalOnClass did not find required class 'com.datastax.oss.driver.api.core.CqlSession' (OnClassCondition)

   CassandraReactiveHealthContributorAutoConfiguration:
      Did not match:
         - @ConditionalOnClass did not find required class 'com.datastax.oss.driver.api.core.CqlSession' (OnClassCondition)

   CassandraReactiveRepositoriesAutoConfiguration:
      Did not match:
         - @ConditionalOnClass did not find required class 'org.springframework.data.cassandra.ReactiveSession' (OnClassCondition)

   CassandraRepositoriesAutoConfiguration:
      Did not match:
         - @ConditionalOnClass did not find required class 'com.datastax.oss.driver.api.core.CqlSession' (OnClassCondition)

   org.springframework.boot.autoconfigure.http.client.reactive.ClientHttpConnectorAutoConfiguration:
      Did not match:
         - @ConditionalOnClass did not find required class 'reactor.core.publisher.Mono' (OnClassCondition)

   org.springframework.boot.autoconfigure.web.reactive.function.client.ClientHttpConnectorAutoConfiguration:
      Did not match:
         - @ConditionalOnClass did not find required class 'org.springframework.web.reactive.function.client.WebClient' (OnClassCondition)

   CloudFoundryActuatorAutoConfiguration:
      Did not match:
         - @ConditionalOnCloudPlatform did not find CLOUD_FOUNDRY (OnCloudPlatformCondition)
      Matched:
         - @ConditionalOnClass found required class 'org.springframework.web.servlet.DispatcherServlet' (OnClassCondition)
         - found 'session' scope (OnWebApplicationCondition)
         - @ConditionalOnBooleanProperty (management.cloudfoundry.enabled=true) matched (OnPropertyCondition)

   CodecsAutoConfiguration:
      Did not match:
         - @ConditionalOnClass did not find required class 'org.springframework.web.reactive.function.client.WebClient' (OnClassCondition)

   CompositeMeterRegistryConfiguration:
      Did not match:
         - NoneNestedConditions 1 matched 1 did not; NestedCondition on CompositeMeterRegistryConfiguration.MultipleNonPrimaryMeterRegistriesCondition.SingleInjectableMeterRegistry @ConditionalOnSingleCandidate (types: io.micrometer.core.instrument.MeterRegistry; SearchStrategy: all) found a single bean 'simpleMeterRegistry'; NestedCondition on CompositeMeterRegistryConfiguration.MultipleNonPrimaryMeterRegistriesCondition.NoMeterRegistryCondition @ConditionalOnMissingBean (types: io.micrometer.core.instrument.MeterRegistry; SearchStrategy: all) found beans of type 'io.micrometer.core.instrument.MeterRegistry' simpleMeterRegistry (CompositeMeterRegistryConfiguration.MultipleNonPrimaryMeterRegistriesCondition)

   ConnectionFactoryHealthContributorAutoConfiguration:
      Did not match:
         - @ConditionalOnClass did not find required class 'io.r2dbc.spi.ConnectionFactory' (OnClassCondition)

   ConnectionPoolMetricsAutoConfiguration:
      Did not match:
         - @ConditionalOnClass did not find required class 'io.r2dbc.pool.ConnectionPool' (OnClassCondition)

   CouchbaseAutoConfiguration:
      Did not match:
         - @ConditionalOnClass did not find required class 'com.couchbase.client.java.Cluster' (OnClassCondition)

   CouchbaseCacheConfiguration:
      Did not match:
         - @ConditionalOnClass did not find required class 'com.couchbase.client.java.Cluster' (OnClassCondition)

   CouchbaseDataAutoConfiguration:
      Did not match:
         - @ConditionalOnClass did not find required class 'com.couchbase.client.java.Bucket' (OnClassCondition)

   CouchbaseHealthContributorAutoConfiguration:
      Did not match:
         - @ConditionalOnClass did not find required class 'com.couchbase.client.java.Cluster' (OnClassCondition)

   CouchbaseReactiveDataAutoConfiguration:
      Did not match:
         - @ConditionalOnClass did not find required class 'com.couchbase.client.java.Cluster' (OnClassCondition)

   CouchbaseReactiveHealthContributorAutoConfiguration:
      Did not match:
         - @ConditionalOnClass did not find required class 'com.couchbase.client.java.Cluster' (OnClassCondition)

   CouchbaseReactiveRepositoriesAutoConfiguration:
      Did not match:
         - @ConditionalOnClass did not find required class 'com.couchbase.client.java.Cluster' (OnClassCondition)

   CouchbaseRepositoriesAutoConfiguration:
      Did not match:
         - @ConditionalOnClass did not find required class 'com.couchbase.client.java.Bucket' (OnClassCondition)

   DataSourceAutoConfiguration:
      Did not match:
         - @ConditionalOnClass did not find required class 'org.springframework.jdbc.datasource.embedded.EmbeddedDatabaseType' (OnClassCondition)

   DataSourceHealthContributorAutoConfiguration:
      Did not match:
         - @ConditionalOnClass did not find required class 'org.springframework.jdbc.core.JdbcTemplate' (OnClassCondition)

   DataSourceInitializationConfiguration:
      Did not match:
         - @ConditionalOnClass did not find required class 'org.springframework.jdbc.datasource.init.DatabasePopulator' (OnClassCondition)

   DataSourcePoolMetricsAutoConfiguration:
      Did not match:
         - @ConditionalOnBean (types: javax.sql.DataSource,io.micrometer.core.instrument.MeterRegistry; SearchStrategy: all) did not find any beans of type javax.sql.DataSource (OnBeanCondition)
      Matched:
         - @ConditionalOnClass found required classes 'javax.sql.DataSource', 'io.micrometer.core.instrument.MeterRegistry' (OnClassCondition)

   DataSourcePoolMetricsAutoConfiguration.HikariDataSourceMetricsConfiguration:
      Did not match:
         - @ConditionalOnClass did not find required class 'com.zaxxer.hikari.HikariDataSource' (OnClassCondition)
         - Ancestor org.springframework.boot.actuate.autoconfigure.metrics.jdbc.DataSourcePoolMetricsAutoConfiguration did not match (ConditionEvaluationReport.AncestorsMatchedCondition)

   DataSourceTransactionManagerAutoConfiguration:
      Did not match:
         - @ConditionalOnClass did not find required class 'org.springframework.jdbc.core.JdbcTemplate' (OnClassCondition)

   DatadogMetricsExportAutoConfiguration:
      Did not match:
         - @ConditionalOnClass did not find required class 'io.micrometer.datadog.DatadogMeterRegistry' (OnClassCondition)

   DispatcherServletAutoConfiguration.DispatcherServletConfiguration#multipartResolver:
      Did not match:
         - @ConditionalOnBean (types: org.springframework.web.multipart.MultipartResolver; SearchStrategy: all) did not find any beans of type org.springframework.web.multipart.MultipartResolver (OnBeanCondition)

   DynatraceMetricsExportAutoConfiguration:
      Did not match:
         - @ConditionalOnClass did not find required class 'io.micrometer.dynatrace.DynatraceMeterRegistry' (OnClassCondition)

   ElasticMetricsExportAutoConfiguration:
      Did not match:
         - @ConditionalOnClass did not find required class 'io.micrometer.elastic.ElasticMeterRegistry' (OnClassCondition)

   ElasticsearchClientAutoConfiguration:
      Did not match:
         - @ConditionalOnClass did not find required class 'co.elastic.clients.elasticsearch.ElasticsearchClient' (OnClassCondition)

   ElasticsearchDataAutoConfiguration:
      Did not match:
         - @ConditionalOnClass did not find required class 'org.springframework.data.elasticsearch.client.elc.ElasticsearchTemplate' (OnClassCondition)

   ElasticsearchReactiveHealthContributorAutoConfiguration:
      Did not match:
         - @ConditionalOnClass did not find required class 'reactor.core.publisher.Flux' (OnClassCondition)

   ElasticsearchRepositoriesAutoConfiguration:
      Did not match:
         - @ConditionalOnClass did not find required class 'org.springframework.data.elasticsearch.repository.ElasticsearchRepository' (OnClassCondition)

   ElasticsearchRestClientAutoConfiguration:
      Did not match:
         - @ConditionalOnClass did not find required class 'org.elasticsearch.client.RestClientBuilder' (OnClassCondition)

   ElasticsearchRestHealthContributorAutoConfiguration:
      Did not match:
         - @ConditionalOnClass did not find required class 'org.elasticsearch.client.RestClient' (OnClassCondition)

   EmbeddedLdapAutoConfiguration:
      Did not match:
         - @ConditionalOnClass did not find required class 'com.unboundid.ldap.listener.InMemoryDirectoryServer' (OnClassCondition)

   EmbeddedWebServerFactoryCustomizerAutoConfiguration.JettyWebServerFactoryCustomizerConfiguration:
      Did not match:
         - @ConditionalOnClass did not find required classes 'org.eclipse.jetty.server.Server', 'org.eclipse.jetty.util.Loader', 'org.eclipse.jetty.ee10.webapp.WebAppContext' (OnClassCondition)

   EmbeddedWebServerFactoryCustomizerAutoConfiguration.NettyWebServerFactoryCustomizerConfiguration:
      Did not match:
         - @ConditionalOnClass did not find required class 'reactor.netty.http.server.HttpServer' (OnClassCondition)

   EmbeddedWebServerFactoryCustomizerAutoConfiguration.TomcatWebServerFactoryCustomizerConfiguration#tomcatVirtualThreadsProtocolHandlerCustomizer:
      Did not match:
         - @ConditionalOnThreading did not find VIRTUAL (OnThreadingCondition)

   EmbeddedWebServerFactoryCustomizerAutoConfiguration.UndertowWebServerFactoryCustomizerConfiguration:
      Did not match:
         - @ConditionalOnClass did not find required classes 'io.undertow.Undertow', 'org.xnio.SslClientAuthMode' (OnClassCondition)

   ErrorWebFluxAutoConfiguration:
      Did not match:
         - @ConditionalOnClass did not find required class 'org.springframework.web.reactive.config.WebFluxConfigurer' (OnClassCondition)

   FlywayAutoConfiguration:
      Did not match:
         - @ConditionalOnClass did not find required class 'org.flywaydb.core.Flyway' (OnClassCondition)

   FlywayEndpointAutoConfiguration:
      Did not match:
         - @ConditionalOnClass did not find required class 'org.flywaydb.core.Flyway' (OnClassCondition)

   FreeMarkerAutoConfiguration:
      Did not match:
         - @ConditionalOnClass did not find required class 'freemarker.template.Configuration' (OnClassCondition)

   GangliaMetricsExportAutoConfiguration:
      Did not match:
         - @ConditionalOnClass did not find required class 'io.micrometer.ganglia.GangliaMeterRegistry' (OnClassCondition)

   GraphQlAutoConfiguration:
      Did not match:
         - @ConditionalOnClass did not find required class 'graphql.GraphQL' (OnClassCondition)

   GraphQlObservationAutoConfiguration:
      Did not match:
         - @ConditionalOnClass did not find required class 'graphql.GraphQL' (OnClassCondition)

   GraphQlQueryByExampleAutoConfiguration:
      Did not match:
         - @ConditionalOnClass did not find required class 'graphql.GraphQL' (OnClassCondition)

   GraphQlQuerydslAutoConfiguration:
      Did not match:
         - @ConditionalOnClass did not find required class 'com.querydsl.core.Query' (OnClassCondition)

   GraphQlRSocketAutoConfiguration:
      Did not match:
         - @ConditionalOnClass did not find required class 'graphql.GraphQL' (OnClassCondition)

   GraphQlReactiveQueryByExampleAutoConfiguration:
      Did not match:
         - @ConditionalOnClass did not find required class 'graphql.GraphQL' (OnClassCondition)

   GraphQlReactiveQuerydslAutoConfiguration:
      Did not match:
         - @ConditionalOnClass did not find required class 'com.querydsl.core.Query' (OnClassCondition)

   GraphQlWebFluxAutoConfiguration:
      Did not match:
         - @ConditionalOnClass did not find required class 'graphql.GraphQL' (OnClassCondition)

   GraphQlWebFluxSecurityAutoConfiguration:
      Did not match:
         - @ConditionalOnClass did not find required class 'graphql.GraphQL' (OnClassCondition)

   GraphQlWebMvcAutoConfiguration:
      Did not match:
         - @ConditionalOnClass did not find required class 'graphql.GraphQL' (OnClassCondition)

   GraphQlWebMvcSecurityAutoConfiguration:
      Did not match:
         - @ConditionalOnClass did not find required class 'graphql.GraphQL' (OnClassCondition)

   GraphiteMetricsExportAutoConfiguration:
      Did not match:
         - @ConditionalOnClass did not find required class 'io.micrometer.graphite.GraphiteMeterRegistry' (OnClassCondition)

   GroovyTemplateAutoConfiguration:
      Did not match:
         - @ConditionalOnClass did not find required class 'groovy.text.markup.MarkupTemplateEngine' (OnClassCondition)

   GsonAutoConfiguration:
      Did not match:
         - @ConditionalOnClass did not find required class 'com.google.gson.Gson' (OnClassCondition)

   GsonHttpMessageConvertersConfiguration:
      Did not match:
         - @ConditionalOnClass did not find required class 'com.google.gson.Gson' (OnClassCondition)

   H2ConsoleAutoConfiguration:
      Did not match:
         - @ConditionalOnBooleanProperty (spring.h2.console.enabled=true) did not find property 'spring.h2.console.enabled' (OnPropertyCondition)
      Matched:
         - @ConditionalOnClass found required class 'org.h2.server.web.JakartaWebServlet' (OnClassCondition)
         - found 'session' scope (OnWebApplicationCondition)

   HazelcastAutoConfiguration:
      Did not match:
         - @ConditionalOnClass did not find required class 'com.hazelcast.core.HazelcastInstance' (OnClassCondition)

   HazelcastCacheConfiguration:
      Did not match:
         - @ConditionalOnClass did not find required class 'com.hazelcast.core.HazelcastInstance' (OnClassCondition)

   HazelcastHealthContributorAutoConfiguration:
      Did not match:
         - @ConditionalOnClass did not find required class 'com.hazelcast.core.HazelcastInstance' (OnClassCondition)

   HazelcastJpaDependencyAutoConfiguration:
      Did not match:
         - @ConditionalOnClass did not find required class 'com.hazelcast.core.HazelcastInstance' (OnClassCondition)

   HealthEndpointReactiveWebExtensionConfiguration:
      Did not match:
         - did not find reactive web application classes (OnWebApplicationCondition)

   HealthEndpointWebExtensionConfiguration.JerseyAdditionalHealthEndpointPathsConfiguration:
      Did not match:
         - @ConditionalOnClass did not find required class 'org.glassfish.jersey.server.ResourceConfig' (OnClassCondition)

   HeapDumpWebEndpointAutoConfiguration:
      Did not match:
         - @ConditionalOnAvailableEndpoint the configured access for endpoint 'heapdump' is NONE (OnAvailableEndpointCondition)

   HibernateJpaAutoConfiguration:
      Did not match:
         - @ConditionalOnClass did not find required class 'jakarta.persistence.EntityManager' (OnClassCondition)

   HibernateMetricsAutoConfiguration:
      Did not match:
         - @ConditionalOnClass did not find required class 'jakarta.persistence.EntityManagerFactory' (OnClassCondition)

   HttpExchangesAutoConfiguration:
      Did not match:
         - @ConditionalOnBean (types: org.springframework.boot.actuate.web.exchanges.HttpExchangeRepository; SearchStrategy: all) did not find any beans of type org.springframework.boot.actuate.web.exchanges.HttpExchangeRepository (OnBeanCondition)
      Matched:
         - @ConditionalOnWebApplication (required) found 'session' scope (OnWebApplicationCondition)
         - @ConditionalOnBooleanProperty (management.httpexchanges.recording.enabled=true) matched (OnPropertyCondition)

   HttpExchangesAutoConfiguration.ReactiveHttpExchangesConfiguration:
      Did not match:
         - did not find reactive web application classes (OnWebApplicationCondition)
         - Ancestor org.springframework.boot.actuate.autoconfigure.web.exchanges.HttpExchangesAutoConfiguration did not match (ConditionEvaluationReport.AncestorsMatchedCondition)

   HttpExchangesAutoConfiguration.ServletHttpExchangesConfiguration:
      Did not match:
         - Ancestor org.springframework.boot.actuate.autoconfigure.web.exchanges.HttpExchangesAutoConfiguration did not match (ConditionEvaluationReport.AncestorsMatchedCondition)
      Matched:
         - found 'session' scope (OnWebApplicationCondition)

   HttpExchangesEndpointAutoConfiguration#httpExchangesEndpoint:
      Did not match:
         - @ConditionalOnBean (types: org.springframework.boot.actuate.web.exchanges.HttpExchangeRepository; SearchStrategy: all) did not find any beans of type org.springframework.boot.actuate.web.exchanges.HttpExchangeRepository (OnBeanCondition)

   HttpHandlerAutoConfiguration:
      Did not match:
         - @ConditionalOnClass did not find required class 'org.springframework.web.reactive.DispatcherHandler' (OnClassCondition)

   HumioMetricsExportAutoConfiguration:
      Did not match:
         - @ConditionalOnClass did not find required class 'io.micrometer.humio.HumioMeterRegistry' (OnClassCondition)

   HypermediaAutoConfiguration:
      Did not match:
         - @ConditionalOnClass did not find required class 'org.springframework.hateoas.EntityModel' (OnClassCondition)

   InfinispanCacheConfiguration:
      Did not match:
         - @ConditionalOnClass did not find required class 'org.infinispan.spring.embedded.provider.SpringEmbeddedCacheManager' (OnClassCondition)

   InfluxMetricsExportAutoConfiguration:
      Did not match:
         - @ConditionalOnClass did not find required class 'io.micrometer.influx.InfluxMeterRegistry' (OnClassCondition)

   InfoContributorAutoConfiguration#buildInfoContributor:
      Did not match:
         - @ConditionalOnSingleCandidate (types: org.springframework.boot.info.BuildProperties; SearchStrategy: all) did not find any beans (OnBeanCondition)
      Matched:
         - @ConditionalOnEnabledInfoContributor management.info.defaults.enabled is considered true (OnEnabledInfoContributorCondition)

   InfoContributorAutoConfiguration#envInfoContributor:
      Did not match:
         - @ConditionalOnEnabledInfoContributor management.info.env.enabled is not true (OnEnabledInfoContributorCondition)

   InfoContributorAutoConfiguration#gitInfoContributor:
      Did not match:
         - @ConditionalOnSingleCandidate (types: org.springframework.boot.info.GitProperties; SearchStrategy: all) did not find any beans (OnBeanCondition)
      Matched:
         - @ConditionalOnEnabledInfoContributor management.info.defaults.enabled is considered true (OnEnabledInfoContributorCondition)

   InfoContributorAutoConfiguration#javaInfoContributor:
      Did not match:
         - @ConditionalOnEnabledInfoContributor management.info.java.enabled is not true (OnEnabledInfoContributorCondition)

   InfoContributorAutoConfiguration#osInfoContributor:
      Did not match:
         - @ConditionalOnEnabledInfoContributor management.info.os.enabled is not true (OnEnabledInfoContributorCondition)

   InfoContributorAutoConfiguration#processInfoContributor:
      Did not match:
         - @ConditionalOnEnabledInfoContributor management.info.process.enabled is not true (OnEnabledInfoContributorCondition)

   InfoContributorAutoConfiguration#sslInfo:
      Did not match:
         - @ConditionalOnEnabledInfoContributor management.info.ssl.enabled is not true (OnEnabledInfoContributorCondition)
      Matched:
         - @ConditionalOnMissingBean (types: org.springframework.boot.info.SslInfo; SearchStrategy: all) did not find any beans (OnBeanCondition)

   InfoContributorAutoConfiguration#sslInfoContributor:
      Did not match:
         - @ConditionalOnEnabledInfoContributor management.info.ssl.enabled is not true (OnEnabledInfoContributorCondition)

   IntegrationAutoConfiguration:
      Did not match:
         - @ConditionalOnClass did not find required class 'org.springframework.integration.config.EnableIntegration' (OnClassCondition)

   IntegrationGraphEndpointAutoConfiguration:
      Did not match:
         - @ConditionalOnClass did not find required class 'org.springframework.integration.graph.IntegrationGraphServer' (OnClassCondition)

   JCacheCacheConfiguration:
      Did not match:
         - @ConditionalOnClass did not find required class 'javax.cache.Caching' (OnClassCondition)

   JacksonHttpMessageConvertersConfiguration.MappingJackson2XmlHttpMessageConverterConfiguration:
      Did not match:
         - @ConditionalOnClass did not find required class 'com.fasterxml.jackson.dataformat.xml.XmlMapper' (OnClassCondition)

   JdbcClientAutoConfiguration:
      Did not match:
         - @ConditionalOnSingleCandidate did not find required type 'org.springframework.jdbc.core.namedparam.NamedParameterJdbcTemplate' (OnBeanCondition)

   JdbcRepositoriesAutoConfiguration:
      Did not match:
         - @ConditionalOnClass did not find required class 'org.springframework.data.jdbc.repository.config.AbstractJdbcConfiguration' (OnClassCondition)

   JdbcTemplateAutoConfiguration:
      Did not match:
         - @ConditionalOnClass did not find required class 'org.springframework.jdbc.core.JdbcTemplate' (OnClassCondition)

   JerseyAutoConfiguration:
      Did not match:
         - @ConditionalOnClass did not find required class 'org.glassfish.jersey.server.spring.SpringComponentProvider' (OnClassCondition)

   JerseySameManagementContextConfiguration:
      Did not match:
         - @ConditionalOnClass did not find required class 'org.glassfish.jersey.server.ResourceConfig' (OnClassCondition)

   JerseyServerMetricsAutoConfiguration:
      Did not match:
         - @ConditionalOnClass did not find required class 'org.glassfish.jersey.micrometer.server.ObservationApplicationEventListener' (OnClassCondition)

   JerseyWebEndpointManagementContextConfiguration:
      Did not match:
         - @ConditionalOnClass did not find required class 'org.glassfish.jersey.server.ResourceConfig' (OnClassCondition)

   JettyMetricsAutoConfiguration:
      Did not match:
         - @ConditionalOnClass did not find required class 'org.eclipse.jetty.server.Server' (OnClassCondition)

   JmsAutoConfiguration:
      Did not match:
         - @ConditionalOnClass did not find required class 'jakarta.jms.Message' (OnClassCondition)

   JmsHealthContributorAutoConfiguration:
      Did not match:
         - @ConditionalOnClass did not find required class 'jakarta.jms.ConnectionFactory' (OnClassCondition)

   JmxAutoConfiguration:
      Did not match:
         - @ConditionalOnBooleanProperty (spring.jmx.enabled=true) did not find property 'spring.jmx.enabled' (OnPropertyCondition)
      Matched:
         - @ConditionalOnClass found required class 'org.springframework.jmx.export.MBeanExporter' (OnClassCondition)

   JmxEndpointAutoConfiguration:
      Did not match:
         - @ConditionalOnBooleanProperty (spring.jmx.enabled=true) did not find property 'spring.jmx.enabled' (OnPropertyCondition)

   JmxMetricsExportAutoConfiguration:
      Did not match:
         - @ConditionalOnClass did not find required class 'io.micrometer.jmx.JmxMeterRegistry' (OnClassCondition)

   JndiConnectionFactoryAutoConfiguration:
      Did not match:
         - @ConditionalOnClass did not find required class 'org.springframework.jms.core.JmsTemplate' (OnClassCondition)

   JndiDataSourceAutoConfiguration:
      Did not match:
         - @ConditionalOnClass did not find required class 'org.springframework.jdbc.datasource.embedded.EmbeddedDatabaseType' (OnClassCondition)

   JooqAutoConfiguration:
      Did not match:
         - @ConditionalOnClass did not find required class 'org.jooq.DSLContext' (OnClassCondition)

   JpaRepositoriesAutoConfiguration:
      Did not match:
         - @ConditionalOnClass did not find required class 'org.springframework.data.jpa.repository.JpaRepository' (OnClassCondition)

   JsonbAutoConfiguration:
      Did not match:
         - @ConditionalOnClass did not find required class 'jakarta.json.bind.Jsonb' (OnClassCondition)

   JsonbHttpMessageConvertersConfiguration:
      Did not match:
         - @ConditionalOnClass did not find required class 'jakarta.json.bind.Jsonb' (OnClassCondition)

   JtaAutoConfiguration:
      Did not match:
         - @ConditionalOnClass did not find required class 'jakarta.transaction.Transaction' (OnClassCondition)

   JvmMetricsAutoConfiguration#virtualThreadMetrics:
      Did not match:
         - @ConditionalOnClass did not find required class 'io.micrometer.java21.instrument.binder.jdk.VirtualThreadMetrics' (OnClassCondition)

   KafkaAutoConfiguration:
      Did not match:
         - @ConditionalOnClass did not find required class 'org.springframework.kafka.core.KafkaTemplate' (OnClassCondition)

   KafkaMetricsAutoConfiguration:
      Did not match:
         - @ConditionalOnClass did not find required class 'org.springframework.kafka.core.ProducerFactory' (OnClassCondition)

   KairosMetricsExportAutoConfiguration:
      Did not match:
         - @ConditionalOnClass did not find required class 'io.micrometer.kairos.KairosMeterRegistry' (OnClassCondition)

   LdapAutoConfiguration:
      Did not match:
         - @ConditionalOnClass did not find required class 'org.springframework.ldap.core.ContextSource' (OnClassCondition)

   LdapHealthContributorAutoConfiguration:
      Did not match:
         - @ConditionalOnClass did not find required class 'org.springframework.ldap.core.LdapOperations' (OnClassCondition)

   LdapRepositoriesAutoConfiguration:
      Did not match:
         - @ConditionalOnClass did not find required class 'org.springframework.data.ldap.repository.LdapRepository' (OnClassCondition)

   LettuceMetricsAutoConfiguration:
      Did not match:
         - @ConditionalOnClass did not find required class 'io.lettuce.core.metrics.MicrometerCommandLatencyRecorder' (OnClassCondition)

   LiquibaseAutoConfiguration:
      Did not match:
         - @ConditionalOnClass did not find required class 'liquibase.change.DatabaseChange' (OnClassCondition)

   LiquibaseEndpointAutoConfiguration:
      Did not match:
         - @ConditionalOnClass did not find required class 'liquibase.integration.spring.SpringLiquibase' (OnClassCondition)

   Log4J2MetricsAutoConfiguration:
      Did not match:
         - @ConditionalOnClass did not find required class 'org.apache.logging.log4j.core.LoggerContext' (OnClassCondition)

   LogFileWebEndpointAutoConfiguration#logFileWebEndpoint:
      Did not match:
         - Log File did not find logging file (LogFileWebEndpointAutoConfiguration.LogFileCondition)

   MailHealthContributorAutoConfiguration:
      Did not match:
         - @ConditionalOnClass did not find required class 'org.springframework.mail.javamail.JavaMailSenderImpl' (OnClassCondition)

   MailSenderAutoConfiguration:
      Did not match:
         - @ConditionalOnClass did not find required class 'jakarta.activation.MimeType' (OnClassCondition)

   MailSenderValidatorAutoConfiguration:
      Did not match:
         - @ConditionalOnSingleCandidate did not find required type 'org.springframework.mail.javamail.JavaMailSenderImpl' (OnBeanCondition)

   ManagementContextAutoConfiguration.DifferentManagementContextConfiguration:
      Did not match:
         - Management Port actual port type (SAME) did not match required type (DIFFERENT) (OnManagementPortCondition)

   ManagementWebSecurityAutoConfiguration:
      Did not match:
         - AllNestedConditions 1 matched 1 did not; NestedCondition on DefaultWebSecurityCondition.Beans @ConditionalOnMissingBean (types: ?; SearchStrategy: all) did not find any beans; NestedCondition on DefaultWebSecurityCondition.Classes @ConditionalOnClass did not find required classes 'org.springframework.security.web.SecurityFilterChain', 'org.springframework.security.config.annotation.web.builders.HttpSecurity' (DefaultWebSecurityCondition)
      Matched:
         - found 'session' scope (OnWebApplicationCondition)

   MappingsEndpointAutoConfiguration.ReactiveWebConfiguration:
      Did not match:
         - @ConditionalOnClass did not find required class 'org.springframework.web.reactive.DispatcherHandler' (OnClassCondition)

   MessageSourceAutoConfiguration:
      Did not match:
         - ResourceBundle did not find bundle with basename messages (MessageSourceAutoConfiguration.ResourceBundleCondition)

   MetricsAspectsAutoConfiguration:
      Did not match:
         - @ConditionalOnBooleanProperty (management.observations.annotations.enabled=true) did not find property 'management.observations.annotations.enabled' (OnPropertyCondition)
      Matched:
         - @ConditionalOnClass found required classes 'io.micrometer.core.instrument.MeterRegistry', 'org.aspectj.weaver.Advice' (OnClassCondition)

   MicrometerTracingAutoConfiguration:
      Did not match:
         - @ConditionalOnClass did not find required class 'io.micrometer.tracing.Tracer' (OnClassCondition)

   MongoAutoConfiguration:
      Did not match:
         - @ConditionalOnClass did not find required class 'com.mongodb.client.MongoClient' (OnClassCondition)

   MongoDataAutoConfiguration:
      Did not match:
         - @ConditionalOnClass did not find required class 'com.mongodb.client.MongoClient' (OnClassCondition)

   MongoHealthContributorAutoConfiguration:
      Did not match:
         - @ConditionalOnClass did not find required class 'org.springframework.data.mongodb.core.MongoTemplate' (OnClassCondition)

   MongoMetricsAutoConfiguration:
      Did not match:
         - @ConditionalOnClass did not find required class 'com.mongodb.MongoClientSettings' (OnClassCondition)

   MongoReactiveAutoConfiguration:
      Did not match:
         - @ConditionalOnClass did not find required class 'com.mongodb.reactivestreams.client.MongoClient' (OnClassCondition)

   MongoReactiveDataAutoConfiguration:
      Did not match:
         - @ConditionalOnClass did not find required class 'com.mongodb.reactivestreams.client.MongoClient' (OnClassCondition)

   MongoReactiveHealthContributorAutoConfiguration:
      Did not match:
         - @ConditionalOnClass did not find required class 'reactor.core.publisher.Flux' (OnClassCondition)

   MongoReactiveRepositoriesAutoConfiguration:
      Did not match:
         - @ConditionalOnClass did not find required class 'com.mongodb.reactivestreams.client.MongoClient' (OnClassCondition)

   MongoRepositoriesAutoConfiguration:
      Did not match:
         - @ConditionalOnClass did not find required class 'com.mongodb.client.MongoClient' (OnClassCondition)

   MustacheAutoConfiguration:
      Did not match:
         - @ConditionalOnClass did not find required class 'com.samskivert.mustache.Mustache' (OnClassCondition)

   Neo4jAutoConfiguration:
      Did not match:
         - @ConditionalOnClass did not find required class 'org.neo4j.driver.Driver' (OnClassCondition)

   Neo4jDataAutoConfiguration:
      Did not match:
         - @ConditionalOnClass did not find required class 'org.neo4j.driver.Driver' (OnClassCondition)

   Neo4jHealthContributorAutoConfiguration:
      Did not match:
         - @ConditionalOnClass did not find required class 'org.neo4j.driver.Driver' (OnClassCondition)

   Neo4jReactiveDataAutoConfiguration:
      Did not match:
         - @ConditionalOnClass did not find required class 'org.neo4j.driver.Driver' (OnClassCondition)

   Neo4jReactiveRepositoriesAutoConfiguration:
      Did not match:
         - @ConditionalOnClass did not find required class 'org.neo4j.driver.Driver' (OnClassCondition)

   Neo4jRepositoriesAutoConfiguration:
      Did not match:
         - @ConditionalOnClass did not find required class 'org.neo4j.driver.Driver' (OnClassCondition)

   NewRelicMetricsExportAutoConfiguration:
      Did not match:
         - @ConditionalOnClass did not find required class 'io.micrometer.newrelic.NewRelicMeterRegistry' (OnClassCondition)

   NoOpMeterRegistryConfiguration:
      Did not match:
         - @ConditionalOnMissingBean (types: io.micrometer.core.instrument.MeterRegistry; SearchStrategy: all) found beans of type 'io.micrometer.core.instrument.MeterRegistry' simpleMeterRegistry (OnBeanCondition)

   NoopTracerAutoConfiguration:
      Did not match:
         - @ConditionalOnClass did not find required class 'io.micrometer.tracing.Tracer' (OnClassCondition)

   OAuth2AuthorizationServerAutoConfiguration:
      Did not match:
         - @ConditionalOnClass did not find required class 'org.springframework.security.oauth2.server.authorization.OAuth2Authorization' (OnClassCondition)

   OAuth2AuthorizationServerJwtAutoConfiguration:
      Did not match:
         - @ConditionalOnClass did not find required class 'com.nimbusds.jose.jwk.source.JWKSource' (OnClassCondition)

   OAuth2ClientAutoConfiguration:
      Did not match:
         - @ConditionalOnClass did not find required class 'org.springframework.security.oauth2.client.registration.ClientRegistration' (OnClassCondition)

   OAuth2ClientWebSecurityAutoConfiguration:
      Did not match:
         - @ConditionalOnClass did not find required class 'org.springframework.security.config.annotation.web.configuration.EnableWebSecurity' (OnClassCondition)

   OAuth2ResourceServerAutoConfiguration:
      Did not match:
         - @ConditionalOnClass did not find required class 'org.springframework.security.oauth2.server.resource.authentication.BearerTokenAuthenticationToken' (OnClassCondition)

   ObservationAutoConfiguration.MeterObservationHandlerConfiguration.TracingAndMetricsObservationHandlerConfiguration:
      Did not match:
         - @ConditionalOnBean did not find required type 'io.micrometer.tracing.Tracer' (OnBeanCondition)
         - @ConditionalOnBean (types: ?; SearchStrategy: all) did not find any beans of type ? (OnBeanCondition)

   ObservationAutoConfiguration.MetricsWithTracingConfiguration:
      Did not match:
         - @ConditionalOnClass did not find required class 'io.micrometer.tracing.Tracer' (OnClassCondition)

   ObservationAutoConfiguration.ObservedAspectConfiguration:
      Did not match:
         - @ConditionalOnBooleanProperty (management.observations.annotations.enabled=true) did not find property 'management.observations.annotations.enabled' (OnPropertyCondition)
      Matched:
         - @ConditionalOnClass found required class 'org.aspectj.weaver.Advice' (OnClassCondition)

   ObservationAutoConfiguration.OnlyTracingConfiguration:
      Did not match:
         - @ConditionalOnClass did not find required class 'io.micrometer.tracing.Tracer' (OnClassCondition)

   OpenTelemetryAutoConfiguration:
      Did not match:
         - @ConditionalOnClass did not find required class 'io.opentelemetry.sdk.OpenTelemetrySdk' (OnClassCondition)

   OpenTelemetryLoggingAutoConfiguration:
      Did not match:
         - @ConditionalOnClass did not find required class 'io.opentelemetry.api.OpenTelemetry' (OnClassCondition)

   OpenTelemetryTracingAutoConfiguration:
      Did not match:
         - @ConditionalOnClass did not find required class 'io.micrometer.tracing.otel.bridge.OtelTracer' (OnClassCondition)

   OtlpLoggingAutoConfiguration:
      Did not match:
         - @ConditionalOnClass did not find required class 'io.opentelemetry.api.OpenTelemetry' (OnClassCondition)

   OtlpMetricsExportAutoConfiguration:
      Did not match:
         - @ConditionalOnClass did not find required class 'io.micrometer.registry.otlp.OtlpMeterRegistry' (OnClassCondition)

   OtlpTracingAutoConfiguration:
      Did not match:
         - @ConditionalOnClass did not find required class 'io.micrometer.tracing.otel.bridge.OtelTracer' (OnClassCondition)

   PersistenceExceptionTranslationAutoConfiguration:
      Did not match:
         - @ConditionalOnClass did not find required class 'org.springframework.dao.annotation.PersistenceExceptionTranslationPostProcessor' (OnClassCondition)

   ProjectInfoAutoConfiguration#buildProperties:
      Did not match:
         - @ConditionalOnResource did not find resource '${spring.info.build.location:classpath:META-INF/build-info.properties}' (OnResourceCondition)

   ProjectInfoAutoConfiguration#gitProperties:
      Did not match:
         - GitResource did not find git info at classpath:git.properties (ProjectInfoAutoConfiguration.GitResourceAvailableCondition)

   PrometheusExemplarsAutoConfiguration:
      Did not match:
         - @ConditionalOnClass did not find required class 'io.micrometer.tracing.Tracer' (OnClassCondition)

   PrometheusMetricsExportAutoConfiguration:
      Did not match:
         - @ConditionalOnClass did not find required class 'io.micrometer.prometheusmetrics.PrometheusMeterRegistry' (OnClassCondition)

   PulsarAutoConfiguration:
      Did not match:
         - @ConditionalOnClass did not find required class 'org.apache.pulsar.client.api.PulsarClient' (OnClassCondition)

   PulsarReactiveAutoConfiguration:
      Did not match:
         - @ConditionalOnClass did not find required class 'org.apache.pulsar.client.api.PulsarClient' (OnClassCondition)

   QuartzAutoConfiguration:
      Did not match:
         - @ConditionalOnClass did not find required class 'org.quartz.Scheduler' (OnClassCondition)

   QuartzEndpointAutoConfiguration:
      Did not match:
         - @ConditionalOnClass did not find required class 'org.quartz.Scheduler' (OnClassCondition)

   R2dbcAutoConfiguration:
      Did not match:
         - @ConditionalOnClass did not find required class 'io.r2dbc.spi.ConnectionFactory' (OnClassCondition)

   R2dbcDataAutoConfiguration:
      Did not match:
         - @ConditionalOnClass did not find required class 'org.springframework.data.r2dbc.core.R2dbcEntityTemplate' (OnClassCondition)

   R2dbcInitializationConfiguration:
      Did not match:
         - @ConditionalOnClass did not find required classes 'io.r2dbc.spi.ConnectionFactory', 'org.springframework.r2dbc.connection.init.DatabasePopulator' (OnClassCondition)

   R2dbcObservationAutoConfiguration:
      Did not match:
         - @ConditionalOnClass did not find required class 'io.r2dbc.proxy.ProxyConnectionFactory' (OnClassCondition)

   R2dbcProxyAutoConfiguration:
      Did not match:
         - @ConditionalOnClass did not find required class 'io.r2dbc.proxy.ProxyConnectionFactory' (OnClassCondition)

   R2dbcRepositoriesAutoConfiguration:
      Did not match:
         - @ConditionalOnClass did not find required class 'io.r2dbc.spi.ConnectionFactory' (OnClassCondition)

   R2dbcTransactionManagerAutoConfiguration:
      Did not match:
         - @ConditionalOnClass did not find required class 'org.springframework.r2dbc.connection.R2dbcTransactionManager' (OnClassCondition)

   RSocketGraphQlClientAutoConfiguration:
      Did not match:
         - @ConditionalOnClass did not find required class 'graphql.GraphQL' (OnClassCondition)

   RSocketMessagingAutoConfiguration:
      Did not match:
         - @ConditionalOnClass did not find required class 'io.rsocket.RSocket' (OnClassCondition)

   RSocketRequesterAutoConfiguration:
      Did not match:
         - @ConditionalOnClass did not find required class 'io.rsocket.RSocket' (OnClassCondition)

   RSocketSecurityAutoConfiguration:
      Did not match:
         - @ConditionalOnClass did not find required class 'org.springframework.security.rsocket.core.SecuritySocketAcceptorInterceptor' (OnClassCondition)

   RSocketServerAutoConfiguration:
      Did not match:
         - @ConditionalOnClass did not find required class 'io.rsocket.core.RSocketServer' (OnClassCondition)

   RSocketStrategiesAutoConfiguration:
      Did not match:
         - @ConditionalOnClass did not find required class 'io.rsocket.RSocket' (OnClassCondition)

   RabbitAutoConfiguration:
      Did not match:
         - @ConditionalOnClass did not find required class 'com.rabbitmq.client.Channel' (OnClassCondition)

   RabbitHealthContributorAutoConfiguration:
      Did not match:
         - @ConditionalOnClass did not find required class 'org.springframework.amqp.rabbit.core.RabbitTemplate' (OnClassCondition)

   RabbitMetricsAutoConfiguration:
      Did not match:
         - @ConditionalOnClass did not find required class 'com.rabbitmq.client.ConnectionFactory' (OnClassCondition)

   ReactiveCloudFoundryActuatorAutoConfiguration:
      Did not match:
         - @ConditionalOnWebApplication did not find reactive web application classes (OnWebApplicationCondition)

   ReactiveElasticsearchClientAutoConfiguration:
      Did not match:
         - @ConditionalOnClass did not find required class 'co.elastic.clients.transport.ElasticsearchTransport' (OnClassCondition)

   ReactiveElasticsearchRepositoriesAutoConfiguration:
      Did not match:
         - @ConditionalOnClass did not find required class 'reactor.core.publisher.Mono' (OnClassCondition)

   ReactiveHealthEndpointConfiguration:
      Did not match:
         - @ConditionalOnClass did not find required class 'reactor.core.publisher.Flux' (OnClassCondition)

   ReactiveManagementContextAutoConfiguration:
      Did not match:
         - @ConditionalOnClass did not find required class 'reactor.core.publisher.Flux' (OnClassCondition)

   ReactiveManagementWebSecurityAutoConfiguration:
      Did not match:
         - @ConditionalOnClass did not find required class 'org.springframework.security.config.annotation.web.reactive.EnableWebFluxSecurity' (OnClassCondition)

   ReactiveMultipartAutoConfiguration:
      Did not match:
         - @ConditionalOnClass did not find required class 'org.springframework.web.reactive.config.WebFluxConfigurer' (OnClassCondition)

   ReactiveOAuth2ClientAutoConfiguration:
      Did not match:
         - @ConditionalOnClass did not find required class 'reactor.core.publisher.Flux' (OnClassCondition)

   ReactiveOAuth2ClientWebSecurityAutoConfiguration:
      Did not match:
         - @ConditionalOnClass did not find required class 'reactor.core.publisher.Flux' (OnClassCondition)

   ReactiveOAuth2ResourceServerAutoConfiguration:
      Did not match:
         - @ConditionalOnClass did not find required class 'org.springframework.security.config.annotation.web.reactive.EnableWebFluxSecurity' (OnClassCondition)

   ReactiveSecurityAutoConfiguration:
      Did not match:
         - @ConditionalOnClass did not find required class 'reactor.core.publisher.Flux' (OnClassCondition)

   ReactiveUserDetailsServiceAutoConfiguration:
      Did not match:
         - @ConditionalOnClass did not find required class 'org.springframework.security.authentication.ReactiveAuthenticationManager' (OnClassCondition)

   ReactiveWebServerFactoryAutoConfiguration:
      Did not match:
         - @ConditionalOnWebApplication did not find reactive web application classes (OnWebApplicationCondition)

   ReactorAutoConfiguration:
      Did not match:
         - @ConditionalOnClass did not find required class 'reactor.core.publisher.Hooks' (OnClassCondition)

   RedisAutoConfiguration:
      Did not match:
         - @ConditionalOnClass did not find required class 'org.springframework.data.redis.core.RedisOperations' (OnClassCondition)

   RedisCacheConfiguration:
      Did not match:
         - @ConditionalOnClass did not find required class 'org.springframework.data.redis.connection.RedisConnectionFactory' (OnClassCondition)

   RedisHealthContributorAutoConfiguration:
      Did not match:
         - @ConditionalOnClass did not find required class 'org.springframework.data.redis.connection.RedisConnectionFactory' (OnClassCondition)

   RedisReactiveAutoConfiguration:
      Did not match:
         - @ConditionalOnClass did not find required class 'reactor.core.publisher.Flux' (OnClassCondition)

   RedisReactiveHealthContributorAutoConfiguration:
      Did not match:
         - @ConditionalOnClass did not find required class 'reactor.core.publisher.Flux' (OnClassCondition)

   RedisRepositoriesAutoConfiguration:
      Did not match:
         - @ConditionalOnClass did not find required class 'org.springframework.data.redis.repository.configuration.EnableRedisRepositories' (OnClassCondition)

   RepositoryMetricsAutoConfiguration:
      Did not match:
         - @ConditionalOnClass did not find required class 'org.springframework.data.repository.Repository' (OnClassCondition)

   RepositoryRestMvcAutoConfiguration:
      Did not match:
         - @ConditionalOnClass did not find required class 'org.springframework.data.rest.webmvc.config.RepositoryRestMvcConfiguration' (OnClassCondition)

   Saml2RelyingPartyAutoConfiguration:
      Did not match:
         - @ConditionalOnClass did not find required class 'org.springframework.security.saml2.provider.service.registration.RelyingPartyRegistrationRepository' (OnClassCondition)

   SecurityAutoConfiguration:
      Did not match:
         - @ConditionalOnClass did not find required class 'org.springframework.security.authentication.DefaultAuthenticationEventPublisher' (OnClassCondition)

   SecurityFilterAutoConfiguration:
      Did not match:
         - @ConditionalOnClass did not find required class 'org.springframework.security.config.http.SessionCreationPolicy' (OnClassCondition)

   SecurityRequestMatchersManagementContextConfiguration:
      Did not match:
         - @ConditionalOnClass did not find required class 'org.springframework.security.web.util.matcher.RequestMatcher' (OnClassCondition)

   SendGridAutoConfiguration:
      Did not match:
         - @ConditionalOnClass did not find required class 'com.sendgrid.SendGrid' (OnClassCondition)

   ServletEndpointManagementContextConfiguration.JerseyServletEndpointManagementContextConfiguration:
      Did not match:
         - @ConditionalOnClass did not find required class 'org.glassfish.jersey.server.ResourceConfig' (OnClassCondition)

   ServletManagementContextAutoConfiguration.ApplicationContextFilterConfiguration:
      Did not match:
         - @ConditionalOnBooleanProperty (management.server.add-application-context-header=true) did not find property 'management.server.add-application-context-header' (OnPropertyCondition)

   ServletWebServerFactoryAutoConfiguration.ForwardedHeaderFilterConfiguration:
      Did not match:
         - @ConditionalOnProperty (server.forward-headers-strategy=framework) did not find property 'server.forward-headers-strategy' (OnPropertyCondition)

   ServletWebServerFactoryConfiguration.EmbeddedJetty:
      Did not match:
         - @ConditionalOnClass did not find required classes 'org.eclipse.jetty.server.Server', 'org.eclipse.jetty.util.Loader', 'org.eclipse.jetty.ee10.webapp.WebAppContext' (OnClassCondition)

   ServletWebServerFactoryConfiguration.EmbeddedUndertow:
      Did not match:
         - @ConditionalOnClass did not find required classes 'io.undertow.Undertow', 'org.xnio.SslClientAuthMode' (OnClassCondition)

   SessionAutoConfiguration:
      Did not match:
         - @ConditionalOnClass did not find required class 'org.springframework.session.Session' (OnClassCondition)

   SessionsEndpointAutoConfiguration:
      Did not match:
         - @ConditionalOnClass did not find required class 'org.springframework.session.Session' (OnClassCondition)

   ShutdownEndpointAutoConfiguration:
      Did not match:
         - @ConditionalOnAvailableEndpoint the configured access for endpoint 'shutdown' is NONE (OnAvailableEndpointCondition)

   SignalFxMetricsExportAutoConfiguration:
      Did not match:
         - @ConditionalOnClass did not find required class 'io.micrometer.signalfx.SignalFxMeterRegistry' (OnClassCondition)

   SpringApplicationAdminJmxAutoConfiguration:
      Did not match:
         - @ConditionalOnBooleanProperty (spring.application.admin.enabled=true) did not find property 'spring.application.admin.enabled' (OnPropertyCondition)

   SpringDataWebAutoConfiguration:
      Did not match:
         - @ConditionalOnClass did not find required class 'org.springframework.data.web.PageableHandlerMethodArgumentResolver' (OnClassCondition)

   SslObservabilityAutoConfiguration#sslInfoProvider:
      Did not match:
         - @ConditionalOnMissingBean (types: org.springframework.boot.info.SslInfo; SearchStrategy: all) found beans of type 'org.springframework.boot.info.SslInfo' sslInfo (OnBeanCondition)

   StackdriverMetricsExportAutoConfiguration:
      Did not match:
         - @ConditionalOnClass did not find required class 'io.micrometer.stackdriver.StackdriverMeterRegistry' (OnClassCondition)

   StartupEndpointAutoConfiguration:
      Did not match:
         - ApplicationStartup configured applicationStartup is of type class org.springframework.core.metrics.DefaultApplicationStartup, expected BufferingApplicationStartup. (StartupEndpointAutoConfiguration.ApplicationStartupCondition)

   StatsdMetricsExportAutoConfiguration:
      Did not match:
         - @ConditionalOnClass did not find required class 'io.micrometer.statsd.StatsdMeterRegistry' (OnClassCondition)

   TaskExecutorConfigurations.SimpleAsyncTaskExecutorBuilderConfiguration#simpleAsyncTaskExecutorBuilderVirtualThreads:
      Did not match:
         - @ConditionalOnMissingBean (types: org.springframework.boot.task.SimpleAsyncTaskExecutorBuilder; SearchStrategy: all) found beans of type 'org.springframework.boot.task.SimpleAsyncTaskExecutorBuilder' simpleAsyncTaskExecutorBuilder (OnBeanCondition)

   TaskExecutorConfigurations.TaskExecutorConfiguration:
      Did not match:
         - AnyNestedCondition 0 matched 2 did not; NestedCondition on TaskExecutorConfigurations.OnExecutorCondition.ModelCondition @ConditionalOnProperty (spring.task.execution.mode=force) did not find property 'spring.task.execution.mode'; NestedCondition on TaskExecutorConfigurations.OnExecutorCondition.ExecutorBeanCondition @ConditionalOnMissingBean (types: java.util.concurrent.Executor; SearchStrategy: all) found beans of type 'java.util.concurrent.Executor' clientInboundChannelExecutor, clientOutboundChannelExecutor, brokerChannelExecutor (TaskExecutorConfigurations.OnExecutorCondition)

   TaskSchedulingConfigurations.SimpleAsyncTaskSchedulerBuilderConfiguration#simpleAsyncTaskSchedulerBuilderVirtualThreads:
      Did not match:
         - @ConditionalOnMissingBean (types: org.springframework.boot.task.SimpleAsyncTaskSchedulerBuilder; SearchStrategy: all) found beans of type 'org.springframework.boot.task.SimpleAsyncTaskSchedulerBuilder' simpleAsyncTaskSchedulerBuilder (OnBeanCondition)

   TaskSchedulingConfigurations.TaskSchedulerConfiguration:
      Did not match:
         - @ConditionalOnMissingBean (types: org.springframework.scheduling.TaskScheduler,java.util.concurrent.ScheduledExecutorService; SearchStrategy: all) found beans of type 'org.springframework.scheduling.TaskScheduler' miniGameTaskScheduler, messageBrokerTaskScheduler, webSocketHeartBeatScheduler, customMessageBrokerTaskScheduler (OnBeanCondition)

   ThymeleafAutoConfiguration:
      Did not match:
         - @ConditionalOnClass did not find required class 'org.thymeleaf.spring6.SpringTemplateEngine' (OnClassCondition)

   TransactionAutoConfiguration:
      Did not match:
         - @ConditionalOnClass did not find required class 'org.springframework.transaction.PlatformTransactionManager' (OnClassCondition)

   TransactionManagerCustomizationAutoConfiguration:
      Did not match:
         - @ConditionalOnClass did not find required class 'org.springframework.transaction.PlatformTransactionManager' (OnClassCondition)

   UserDetailsServiceAutoConfiguration:
      Did not match:
         - @ConditionalOnClass did not find required class 'org.springframework.security.authentication.AuthenticationManager' (OnClassCondition)

   ValidationAutoConfiguration:
      Did not match:
         - @ConditionalOnClass did not find required class 'jakarta.validation.executable.ExecutableValidator' (OnClassCondition)

   WavefrontAutoConfiguration:
      Did not match:
         - @ConditionalOnClass did not find required class 'com.wavefront.sdk.common.application.ApplicationTags' (OnClassCondition)

   WavefrontMetricsExportAutoConfiguration:
      Did not match:
         - @ConditionalOnClass did not find required class 'com.wavefront.sdk.common.WavefrontSender' (OnClassCondition)

   WavefrontTracingAutoConfiguration:
      Did not match:
         - @ConditionalOnClass did not find required class 'com.wavefront.sdk.common.WavefrontSender' (OnClassCondition)

   WebClientAutoConfiguration:
      Did not match:
         - @ConditionalOnClass did not find required class 'org.springframework.web.reactive.function.client.WebClient' (OnClassCondition)

   WebClientObservationConfiguration:
      Did not match:
         - @ConditionalOnClass did not find required class 'org.springframework.web.reactive.function.client.WebClient' (OnClassCondition)

   WebFluxAutoConfiguration:
      Did not match:
         - @ConditionalOnClass did not find required class 'org.springframework.web.reactive.config.WebFluxConfigurer' (OnClassCondition)

   WebFluxEndpointManagementContextConfiguration:
      Did not match:
         - @ConditionalOnClass did not find required class 'org.springframework.web.reactive.DispatcherHandler' (OnClassCondition)

   WebFluxObservationAutoConfiguration:
      Did not match:
         - @ConditionalOnWebApplication did not find reactive web application classes (OnWebApplicationCondition)

   WebMvcAutoConfiguration#hiddenHttpMethodFilter:
      Did not match:
         - @ConditionalOnBooleanProperty (spring.mvc.hiddenmethod.filter.enabled=true) did not find property 'spring.mvc.hiddenmethod.filter.enabled' (OnPropertyCondition)

   WebMvcAutoConfiguration.ProblemDetailsErrorHandlingConfiguration:
      Did not match:
         - @ConditionalOnBooleanProperty (spring.mvc.problemdetails.enabled=true) did not find property 'spring.mvc.problemdetails.enabled' (OnPropertyCondition)

   WebMvcAutoConfiguration.ResourceChainCustomizerConfiguration:
      Did not match:
         - @ConditionalOnEnabledResourceChain did not find class org.webjars.WebJarVersionLocator (OnEnabledResourceChainCondition)

   WebMvcAutoConfiguration.WebMvcAutoConfigurationAdapter#beanNameViewResolver:
      Did not match:
         - @ConditionalOnMissingBean (types: org.springframework.web.servlet.view.BeanNameViewResolver; SearchStrategy: all) found beans of type 'org.springframework.web.servlet.view.BeanNameViewResolver' beanNameViewResolver (OnBeanCondition)

   WebMvcEndpointManagementContextConfiguration#managementHealthEndpointWebMvcHandlerMapping:
      Did not match:
         - Management Port actual port type (SAME) did not match required type (DIFFERENT) (OnManagementPortCondition)

   WebServiceTemplateAutoConfiguration:
      Did not match:
         - @ConditionalOnClass did not find required class 'org.springframework.oxm.Marshaller' (OnClassCondition)

   WebServicesAutoConfiguration:
      Did not match:
         - @ConditionalOnClass did not find required class 'org.springframework.ws.transport.http.MessageDispatcherServlet' (OnClassCondition)

   WebSessionIdResolverAutoConfiguration:
      Did not match:
         - @ConditionalOnClass did not find required class 'reactor.core.publisher.Mono' (OnClassCondition)

   WebSocketReactiveAutoConfiguration:
      Did not match:
         - @ConditionalOnWebApplication did not find reactive web application classes (OnWebApplicationCondition)

   WebSocketServletAutoConfiguration.JettyWebSocketConfiguration:
      Did not match:
         - @ConditionalOnClass did not find required class 'org.eclipse.jetty.ee10.websocket.jakarta.server.config.JakartaWebSocketServletContainerInitializer' (OnClassCondition)

   WebSocketServletAutoConfiguration.UndertowWebSocketConfiguration:
      Did not match:
         - @ConditionalOnClass did not find required class 'io.undertow.websockets.jsr.Bootstrap' (OnClassCondition)

   XADataSourceAutoConfiguration:
      Did not match:
         - @ConditionalOnClass did not find required class 'jakarta.transaction.TransactionManager' (OnClassCondition)

   ZipkinAutoConfiguration:
      Did not match:
         - @ConditionalOnClass did not find required class 'zipkin2.reporter.Encoding' (OnClassCondition)


Exclusions:
-----------

    None


Unconditional classes:
----------------------

    org.springframework.boot.autoconfigure.context.ConfigurationPropertiesAutoConfiguration

    org.springframework.boot.actuate.autoconfigure.availability.AvailabilityHealthContributorAutoConfiguration

    org.springframework.boot.autoconfigure.ssl.SslAutoConfiguration

    org.springframework.boot.actuate.autoconfigure.info.InfoContributorAutoConfiguration

    org.springframework.boot.autoconfigure.context.PropertyPlaceholderAutoConfiguration

    org.springframework.boot.autoconfigure.context.LifecycleAutoConfiguration

    org.springframework.boot.actuate.autoconfigure.metrics.integration.IntegrationMetricsAutoConfiguration

    org.springframework.boot.actuate.autoconfigure.endpoint.EndpointAutoConfiguration

    org.springframework.boot.actuate.autoconfigure.web.server.ManagementContextAutoConfiguration

    org.springframework.boot.actuate.autoconfigure.health.HealthContributorAutoConfiguration

    org.springframework.boot.actuate.autoconfigure.endpoint.jackson.JacksonEndpointAutoConfiguration

    org.springframework.boot.autoconfigure.availability.ApplicationAvailabilityAutoConfiguration

    org.springframework.boot.autoconfigure.info.ProjectInfoAutoConfiguration


   
[2025-08-06 16:21:21] [INFO ] --- [           main] coffeeshout.CoffeeShoutApplication       : Started CoffeeShoutApplication in 6.208 seconds (process running for 6.882)   
[2025-08-06 16:21:21] [DEBUG] --- [           main] o.s.b.a.ApplicationAvailabilityBean      : Application availability state LivenessState changed to CORRECT   
[2025-08-06 16:21:21] [INFO ] --- [           main] c.global.DetailedCredentialsDebugger     : === Instance Profile 자격 증명 상세 디버깅 ===   
[2025-08-06 16:21:21] [INFO ] --- [           main] c.global.DetailedCredentialsDebugger     : IMDS 비활성화 상태: false   
[2025-08-06 16:21:21] [INFO ] --- [           main] c.global.DetailedCredentialsDebugger     : IMDSv1 비활성화 상태: true   
[2025-08-06 16:21:21] [INFO ] --- [           main] c.global.DetailedCredentialsDebugger     : === IMDS 직접 접근 테스트 ===   
[2025-08-06 16:21:21] [INFO ] --- [           main] c.global.DetailedCredentialsDebugger     : 토큰 요청 URL: http://169.254.169.254/latest/api/token   
[2025-08-06 16:21:21] [INFO ] --- [           main] c.global.DetailedCredentialsDebugger     : 역할 목록 요청 URL: http://169.254.169.254/latest/meta-data/iam/security-credentials/   
[2025-08-06 16:21:21] [INFO ] --- [           main] c.global.DetailedCredentialsDebugger     : ✅ IMDS 엔드포인트 접근 가능   
[2025-08-06 16:21:21] [INFO ] --- [           main] c.global.DetailedCredentialsDebugger     : === InstanceProfileCredentialsProvider 테스트 ===   
[2025-08-06 16:21:21] [INFO ] --- [           main] c.global.DetailedCredentialsDebugger     : Provider 생성 성공   
[2025-08-06 16:21:21] [DEBUG] --- [           main] s.a.a.utils.cache.CachedSupplier         : (InstanceProfileCredentialsProvider()) Cached value is stale and will be refreshed.   
[2025-08-06 16:21:21] [DEBUG] --- [           main] s.a.a.utils.cache.CachedSupplier         : (InstanceProfileCredentialsProvider()) Refreshing cached value.   
[2025-08-06 16:21:21] [DEBUG] --- [           main] a.a.c.InstanceProfileCredentialsProvider : Loaded credentials from IMDS with expiration time of 2025-08-06T22:05:07Z   
[2025-08-06 16:21:21] [DEBUG] --- [           main] s.a.a.utils.cache.CachedSupplier         : (InstanceProfileCredentialsProvider()) Successfully refreshed cached value. Next Prefetch Time: 2025-08-06T19:46:50.735719589Z. Next Stale Time: 2025-08-06T22:05:06Z   
[2025-08-06 16:21:21] [INFO ] --- [           main] c.global.DetailedCredentialsDebugger     : ✅ 자격 증명 해결 성공: ASIA5FTY...   
[2025-08-06 16:21:21] [INFO ] --- [           main] c.global.MetricsTestComponent            : === 메트릭 테스트 시작 ===   
[2025-08-06 16:21:21] [INFO ] --- [           main] c.global.MetricsTestComponent            : MeterRegistry 클래스: io.micrometer.core.instrument.simple.SimpleMeterRegistry   
[2025-08-06 16:21:21] [INFO ] --- [           main] c.global.MetricsTestComponent            : === 클래스패스 확인 ===   
[2025-08-06 16:21:21] [INFO ] --- [           main] c.global.MetricsTestComponent            : ✅ CloudWatch MeterRegistry 클래스 존재   
[2025-08-06 16:21:21] [INFO ] --- [           main] c.global.MetricsTestComponent            : ✅ AWS SDK CloudWatch 클라이언트 존재   
[2025-08-06 16:21:21] [INFO ] --- [           main] c.global.MetricsTestComponent            : 테스트 메트릭 전송 완료: 1.0   
[2025-08-06 16:21:21] [WARN ] --- [           main] c.global.MetricsTestComponent            : ❌ CloudWatch MeterRegistry가 아님: class io.micrometer.core.instrument.simple.SimpleMeterRegistry   
[2025-08-06 16:21:21] [DEBUG] --- [           main] o.s.b.a.ApplicationAvailabilityBean      : Application availability state ReadinessState changed to ACCEPTING_TRAFFIC   
[2025-08-06 16:22:21] [INFO ] --- [MessageBroker-1] o.s.w.s.c.WebSocketMessageBrokerStats    : WebSocketSession[0 current WS(0)-HttpStream(0)-HttpPoll(0), 0 total, 0 closed abnormally (0 connect failure, 0 send limit, 0 transport error)], stompSubProtocol[processed CONNECT(0)-CONNECTED(0)-DISCONNECT(0)], stompBrokerRelay[null], inboundChannel[unknown], outboundChannel[unknown], sockJsScheduler[pool size = 1, active threads = 1, queued tasks = 0, completed tasks = 0]   
[2025-08-06 16:26:26] [DEBUG] --- [ionShutdownHook] o.s.b.a.ApplicationAvailabilityBean      : Application availability state ReadinessState changed from ACCEPTING_TRAFFIC to REFUSING_TRAFFIC   
[2025-08-06 16:26:26] [DEBUG] --- [ionShutdownHook] ConfigServletWebServerApplicationContext : Closing org.springframework.boot.web.servlet.context.AnnotationConfigServletWebServerApplicationContext@4763c727, started on Wed Aug 06 16:21:16 UTC 2025   
[2025-08-06 16:26:26] [INFO ] --- [ionShutdownHook] o.s.b.w.e.tomcat.GracefulShutdown        : Commencing graceful shutdown. Waiting for active requests to complete   
[2025-08-06 16:26:26] [INFO ] --- [tomcat-shutdown] o.s.b.w.e.tomcat.GracefulShutdown        : Graceful shutdown complete   
[2025-08-06 16:26:26] [DEBUG] --- [ionShutdownHook] org.springframework.web.SimpLogging      : clientOutboundChannel removed SubProtocolWebSocketHandler[StompSubProtocolHandler[v10.stomp, v11.stomp, v12.stomp]]   
[2025-08-06 16:26:26] [DEBUG] --- [ionShutdownHook] org.springframework.web.SimpLogging      : clientInboundChannel removed WebSocketAnnotationMethodMessageHandler[prefixes=[/app/]]   
[2025-08-06 16:26:26] [INFO ] --- [ionShutdownHook] o.s.m.s.b.SimpleBrokerMessageHandler     : Stopping...   
[2025-08-06 16:26:26] [INFO ] --- [ionShutdownHook] o.s.m.s.b.SimpleBrokerMessageHandler     : BrokerAvailabilityEvent[available=false, SimpleBrokerMessageHandler [org.springframework.messaging.simp.broker.DefaultSubscriptionRegistry@42f9873e]]   
[2025-08-06 16:26:26] [DEBUG] --- [ionShutdownHook] org.springframework.web.SimpLogging      : clientInboundChannel removed SimpleBrokerMessageHandler [org.springframework.messaging.simp.broker.DefaultSubscriptionRegistry@42f9873e]   
[2025-08-06 16:26:26] [DEBUG] --- [ionShutdownHook] org.springframework.web.SimpLogging      : brokerChannel removed SimpleBrokerMessageHandler [org.springframework.messaging.simp.broker.DefaultSubscriptionRegistry@42f9873e]   
[2025-08-06 16:26:26] [INFO ] --- [ionShutdownHook] o.s.m.s.b.SimpleBrokerMessageHandler     : Stopped.   
[2025-08-06 16:26:26] [DEBUG] --- [ionShutdownHook] org.springframework.web.SimpLogging      : clientInboundChannel removed UserDestinationMessageHandler[DefaultUserDestinationResolver[prefix=/user/]]   
[2025-08-06 16:26:26] [DEBUG] --- [ionShutdownHook] org.springframework.web.SimpLogging      : brokerChannel removed UserDestinationMessageHandler[DefaultUserDestinationResolver[prefix=/user/]]   
